company_code,ticker_symbol,company_name,market,shariah_board,sector,subsector,classification,timestamp
1140,1140,بنك البلاد,تاسي,الراجحي المالية,,,شرعي,2025-08-23T07:35:13.896218
1150,1150,مصرف الإنماء,تاسي,الراجحي المالية,,,شرعي,2025-08-23T07:35:13.896265
1020,1020,بنك الجزيرة,تاسي,الراجحي المالية,,,شرعي,2025-08-23T07:35:13.896290
1120,1120,مصرف الراجحي,تاسي,الراجحي المالية,,,شرعي,2025-08-23T07:35:13.896309
2350,2350,شركة كيان السعودية للبتروكيماويات,تاسي,الراجحي المالية,,,شرعي,2025-08-23T07:35:13.896327
2250,2250,المجموعة السعودية للإستثمار الصناعي,تاسي,الراجحي المالية,,,شرعي,2025-08-23T07:35:13.896345
2001,2001,شركة كيمائيات الميثانول,تاسي,الراجحي المالية,,,شرعي,2025-08-23T07:35:13.896362
2010,2010,الشركة السعودية للصناعات الأساسية,تاسي,الراجحي المالية,,,شرعي,2025-08-23T07:35:13.896379
2020,2020,شركة سابك للمغذيات الزراعية,تاسي,الراجحي المالية,,,شرعي,2025-08-23T07:35:13.896396
2170,2170,شركة اللجين,تاسي,الراجحي المالية,,,شرعي,2025-08-23T07:35:13.896413
2210,2210,شركة نماء للكيماويات,تاسي,الراجحي المالية,,,شرعي,2025-08-23T07:35:13.896430
2290,2290,شركة ينبع الوطنية للبتروكيماويات,تاسي,الراجحي المالية,,,شرعي,2025-08-23T07:35:13.896448
2310,2310,شركة الصحراء العالمية للبتروكيماويات,تاسي,الراجحي المالية,,,شرعي,2025-08-23T07:35:13.896464
2330,2330,الشركة المتقدمة للبتروكيماويات,تاسي,الراجحي المالية,,,شرعي,2025-08-23T07:35:13.896481
2060,2060,شركة التصنيع الوطنية,تاسي,الراجحي المالية,,,شرعي,2025-08-23T07:35:13.896497
2380,2380,شركة رابغ للتكرير والبتروكيماويات,تاسي,الراجحي المالية,,,شرعي,2025-08-23T07:35:13.896513
3005,3005,شركة أسمنت ام القرى,تاسي,الراجحي المالية,,,شرعي,2025-08-23T07:35:13.896531
3002,3002,شركة أسمنت نجران,تاسي,الراجحي المالية,,,شرعي,2025-08-23T07:35:13.896550
3003,3003,شركة أسمنت المدينة,تاسي,الراجحي المالية,,,شرعي,2025-08-23T07:35:13.896567
3004,3004,شركة أسمنت المنطقة الشمالية,تاسي,الراجحي المالية,,,شرعي,2025-08-23T07:35:13.896583
3010,3010,شركة الأسمنت العربية,تاسي,الراجحي المالية,,,شرعي,2025-08-23T07:35:13.896600
3020,3020,شركة أسمنت اليمامة,تاسي,الراجحي المالية,,,شرعي,2025-08-23T07:35:13.896617
3030,3030,شركة الأسمنت السعودية,تاسي,الراجحي المالية,,,شرعي,2025-08-23T07:35:13.896633
3040,3040,شركة أسمنت القصيم,تاسي,الراجحي المالية,,,شرعي,2025-08-23T07:35:13.896650
3050,3050,شركة أسمنت المنطقة الجنوبية,تاسي,الراجحي المالية,,,شرعي,2025-08-23T07:35:13.896666
3060,3060,شركة أسمنت ينبع,تاسي,الراجحي المالية,,,شرعي,2025-08-23T07:35:13.896683
3080,3080,شركة أسمنت المنطقة الشرقية,تاسي,الراجحي المالية,,,شرعي,2025-08-23T07:35:13.896700
3090,3090,شركة أسمنت تبوك,تاسي,الراجحي المالية,,,شرعي,2025-08-23T07:35:13.896717
3091,3091,شركة أسمنت الجوف,تاسي,الراجحي المالية,,,شرعي,2025-08-23T07:35:13.896733
3092,3092,شركة أسمنت الرياض,تاسي,الراجحي المالية,,,شرعي,2025-08-23T07:35:13.896750
4161,4161,شركة بن داود القابضة,تاسي,الراجحي المالية,,,شرعي,2025-08-23T07:35:13.896766
4291,4291,الشركة الوطنية للتربية و التعليم,تاسي,الراجحي المالية,,,شرعي,2025-08-23T07:35:13.896783
4292,4292,شركة عطاء التعليمية,تاسي,الراجحي المالية,,,شرعي,2025-08-23T07:35:13.896800
4290,4290,شركة الخليج للتدريب والتعليم,تاسي,الراجحي المالية,,,شرعي,2025-08-23T07:35:13.896816
1830,1830,شركة لجام للرياضة,تاسي,الراجحي المالية,,,شرعي,2025-08-23T07:35:13.896832
6012,6012,شركة ريدان الغذائية,تاسي,الراجحي المالية,,,شرعي,2025-08-23T07:35:13.896849
4051,4051,شركة باعظيم التجارية,تاسي,الراجحي المالية,,,شرعي,2025-08-23T07:35:13.896866
4141,4141,شركة العمران للصناعة والتجارة,تاسي,الراجحي المالية,,,شرعي,2025-08-23T07:35:13.896882
4191,4191,شركة عبد الله سعد محمد أبو معطي للمكتبات,تاسي,الراجحي المالية,,,شرعي,2025-08-23T07:35:13.896899
4012,4012,شركة ثوب الأصيل,تاسي,الراجحي المالية,,,شرعي,2025-08-23T07:35:13.896916
3008,3008,شركة الكثيري القابضة,تاسي,الراجحي المالية,,,شرعي,2025-08-23T07:35:13.896932
4008,4008,الشركة السعودية للعدد والأدوات,تاسي,الراجحي المالية,,,شرعي,2025-08-23T07:35:13.896949
4001,4001,شركة أسواق عبدالله العثيم,تاسي,الراجحي المالية,,,شرعي,2025-08-23T07:35:13.896966
4003,4003,الشركة المتحدة للإلكترونيات,تاسي,الراجحي المالية,,,شرعي,2025-08-23T07:35:13.896982
4006,4006,الشركة السعودية للتسويق,تاسي,الراجحي المالية,,,شرعي,2025-08-23T07:35:13.896998
4050,4050,الشركة السعودية لخدمات السيارات والمعدات,تاسي,الراجحي المالية,,,شرعي,2025-08-23T07:35:13.897014
4160,4160,شركة ثمار التنمية القابضة,تاسي,الراجحي المالية,,,شرعي,2025-08-23T07:35:13.897031
4180,4180,مجموعة فتيحي القابضة,تاسي,الراجحي المالية,,,شرعي,2025-08-23T07:35:13.897048
4190,4190,شركة جرير للتسويق,تاسي,الراجحي المالية,,,شرعي,2025-08-23T07:35:13.897064
4200,4200,شركة الدريس للخدمات البترولية و النقليات,تاسي,الراجحي المالية,,,شرعي,2025-08-23T07:35:13.897081
4240,4240,شركة فواز عبدالعزيز الحكير وشركاه,تاسي,الراجحي المالية,,,شرعي,2025-08-23T07:35:13.897098
4165,4165,شركة الماجد للعود,تاسي,الراجحي المالية,,,شرعي,2025-08-23T07:35:13.897114
4193,4193,شركة نايس ون بيوتي للتسويق الإلكتروني,تاسي,الراجحي المالية,,,شرعي,2025-08-23T07:35:13.897131
6015,6015,شركة أمريكانا للمطاعم العالمية بي إل سي - شركة أجنبية,تاسي,الراجحي المالية,,,شرعي,2025-08-23T07:35:13.897148
4162,4162,شركة المنجم للأغذية,تاسي,الراجحي المالية,,,شرعي,2025-08-23T07:35:13.897165
4163,4163,شركة الدواء للخدمات الطبية,تاسي,الراجحي المالية,,,شرعي,2025-08-23T07:35:13.897181
4164,4164,شركة النهدي الطبية,تاسي,الراجحي المالية,,,شرعي,2025-08-23T07:35:13.897197
4144,4144,شركة رؤوم التجارية,تاسي,الراجحي المالية,,,شرعي,2025-08-23T07:35:13.897214
6014,6014,شركة الآمار الغذائية,تاسي,الراجحي المالية,,,شرعي,2025-08-23T07:35:13.897230
4192,4192,شركة متاجر السيف للتنمية والاستثمار,تاسي,الراجحي المالية,,,شرعي,2025-08-23T07:35:13.897246
2223,2223,شركة أرامكو السعودية لزيوت الأساس,تاسي,الراجحي المالية,,,شرعي,2025-08-23T07:35:13.897263
2381,2381,شركة الحفر العربية,تاسي,الراجحي المالية,,,شرعي,2025-08-23T07:35:13.897279
2083,2083,شركة مرافق الكهرباء والمياه بالجبيل وينبع,تاسي,الراجحي المالية,,,شرعي,2025-08-23T07:35:13.897296
2082,2082,شركة أكوا باور,تاسي,الراجحي المالية,,,شرعي,2025-08-23T07:35:13.897312
2382,2382,شركة أديس القابضة,تاسي,الراجحي المالية,,,شرعي,2025-08-23T07:35:13.897329
2084,2084,شركة مياهنا,تاسي,الراجحي المالية,,,شرعي,2025-08-23T07:35:13.897345
2080,2080,شركة الغاز والتصنيع الأهلية,تاسي,الراجحي المالية,,,شرعي,2025-08-23T07:35:13.897361
5110,5110,الشركة السعودية للكهرباء,تاسي,الراجحي المالية,,,شرعي,2025-08-23T07:35:13.897378
2222,2222,شركة الزيت العربية السعودية,تاسي,الراجحي المالية,,,شرعي,2025-08-23T07:35:13.897394
2081,2081,شركة الخريف لتقنية المياه والطاقة,تاسي,الراجحي المالية,,,شرعي,2025-08-23T07:35:13.897411
4142,4142,شركة مجموعة كابلات الرياض,تاسي,الراجحي المالية,,,شرعي,2025-08-23T07:35:13.897427
2281,2281,شركة التنمية الغذائية,تاسي,الراجحي المالية,,,شرعي,2025-08-23T07:35:13.897443
6016,6016,شركة مطاعم بيت الشطيرة للوجبات السريعة,تاسي,الراجحي المالية,,,شرعي,2025-08-23T07:35:13.897459
2284,2284,شركة المطاحن الحديثة للمنتجات الغذائية,تاسي,الراجحي المالية,,,شرعي,2025-08-23T07:35:13.897476
2283,2283,شركة المطاحن الأولى,تاسي,الراجحي المالية,,,شرعي,2025-08-23T07:35:13.897492
2282,2282,شركة نقي للمياه,تاسي,الراجحي المالية,,,شرعي,2025-08-23T07:35:13.897509
2287,2287,الشركة العربية للاستثمار الزراعي والصناعي,تاسي,الراجحي المالية,,,شرعي,2025-08-23T07:35:13.897525
2285,2285,شركة المطاحن العربية للمنتجات الغذائية,تاسي,الراجحي المالية,,,شرعي,2025-08-23T07:35:13.897542
2286,2286,شركة المطاحن الرابعة,تاسي,الراجحي المالية,,,شرعي,2025-08-23T07:35:13.897559
6013,6013,شركة الأعمال التطويرية الغذائية,تاسي,الراجحي المالية,,,شرعي,2025-08-23T07:35:13.897575
2050,2050,مجموعة صافولا,تاسي,الراجحي المالية,,,شرعي,2025-08-23T07:35:13.897592
2100,2100,شركة وفرة للصناعة والتنمية,تاسي,الراجحي المالية,,,شرعي,2025-08-23T07:35:13.897608
2270,2270,الشركة السعودية لمنتجات الألبان والأغذية,تاسي,الراجحي المالية,,,شرعي,2025-08-23T07:35:13.897624
2280,2280,شركة المراعي,تاسي,الراجحي المالية,,,شرعي,2025-08-23T07:35:13.897641
4061,4061,مجموعة أنعام الدولية القابضة,تاسي,الراجحي المالية,,,شرعي,2025-08-23T07:35:13.897662
6001,6001,شركة حلواني إخوان,تاسي,الراجحي المالية,,,شرعي,2025-08-23T07:35:13.897679
6002,6002,شركة هرفي للخدمات الغذائية,تاسي,الراجحي المالية,,,شرعي,2025-08-23T07:35:13.897695
6004,6004,شركة كاتريون للتموين القابضة,تاسي,الراجحي المالية,,,شرعي,2025-08-23T07:35:13.897711
6010,6010,الشركة الوطنية للتنمية الزراعية,تاسي,الراجحي المالية,,,شرعي,2025-08-23T07:35:13.897728
6020,6020,شركة القصيم القابضة للاستثمار,تاسي,الراجحي المالية,,,شرعي,2025-08-23T07:35:13.897745
6040,6040,شركة تبوك للتنمية الزراعية,تاسي,الراجحي المالية,,,شرعي,2025-08-23T07:35:13.897763
6050,6050,الشركة السعودية للأسماك,تاسي,الراجحي المالية,,,شرعي,2025-08-23T07:35:13.897780
6060,6060,شركة الشرقية للتنمية,تاسي,الراجحي المالية,,,شرعي,2025-08-23T07:35:13.897796
6070,6070,شركة الجوف الزراعية,تاسي,الراجحي المالية,,,شرعي,2025-08-23T07:35:13.897813
6090,6090,شركة جازان للتنمية والاستثمار,تاسي,الراجحي المالية,,,شرعي,2025-08-23T07:35:13.897830
7010,7010,شركة الإتصالات السعودية,تاسي,الراجحي المالية,,,شرعي,2025-08-23T07:35:13.897853
7020,7020,شركة إتحاد إتصالات,تاسي,الراجحي المالية,,,شرعي,2025-08-23T07:35:13.897893
7200,7200,شركة المعمر لأنظمة المعلومات,تاسي,الراجحي المالية,,,شرعي,2025-08-23T07:35:13.897910
7201,7201,شركة بحر العرب لأنظمة المعلومات,تاسي,الراجحي المالية,,,شرعي,2025-08-23T07:35:13.897927
7030,7030,شركة الإتصالات المتنقلة السعودية,تاسي,الراجحي المالية,,,شرعي,2025-08-23T07:35:13.897943
8313,8313,شركة رسن لتقنية المعلومات,تاسي,الراجحي المالية,,,شرعي,2025-08-23T07:35:13.897960
7202,7202,الشركة العربية لخدمات الإنترنت والاتصالات,تاسي,الراجحي المالية,,,شرعي,2025-08-23T07:35:13.897976
7203,7203,شركة علم,تاسي,الراجحي المالية,,,شرعي,2025-08-23T07:35:13.897993
7040,7040,شركة إتحاد عذيب للإتصالات,تاسي,الراجحي المالية,,,شرعي,2025-08-23T07:35:13.898009
7204,7204,شركة العرض المتقن للخدمات التجارية,تاسي,الراجحي المالية,,,شرعي,2025-08-23T07:35:13.898026
7211,7211,شركة عزم السعودية للاتصالات وتقنية المعلومات,تاسي,الراجحي المالية,,,شرعي,2025-08-23T07:35:13.898042
4017,4017,شركة مستشفى الدكتور سليمان عبدالقادر فقيه,تاسي,الراجحي المالية,,,شرعي,2025-08-23T07:35:13.898059
4018,4018,شركة الموسى الصحية,تاسي,الراجحي المالية,,,شرعي,2025-08-23T07:35:13.898076
4019,4019,الشركة الطبية التخصصية,تاسي,الراجحي المالية,,,شرعي,2025-08-23T07:35:13.898092
4013,4013,مجموعة الدكتور سليمان الحبيب للخدمات الطبية,تاسي,الراجحي المالية,,,شرعي,2025-08-23T07:35:13.898109
4004,4004,شركة دله للخدمات الصحية,تاسي,الراجحي المالية,,,شرعي,2025-08-23T07:35:13.898125
4005,4005,الشركة الوطنية للرعاية الطبية,تاسي,الراجحي المالية,,,شرعي,2025-08-23T07:35:13.898141
4002,4002,شركة المواساة للخدمات الطبية,تاسي,الراجحي المالية,,,شرعي,2025-08-23T07:35:13.898158
4009,4009,شركة الشرق الأوسط للرعاية الصحية,تاسي,الراجحي المالية,,,شرعي,2025-08-23T07:35:13.898174
4007,4007,شركة الحمادي القابضة,تاسي,الراجحي المالية,,,شرعي,2025-08-23T07:35:13.898191
8060,8060,شركة ولاء للتأمين التعاوني,تاسي,الراجحي المالية,,,شرعي,2025-08-23T07:35:13.898207
8050,8050,شركة سلامة للتأمين التعاوني,تاسي,الراجحي المالية,,,شرعي,2025-08-23T07:35:13.898223
8012,8012,شركة الجزيرة تكافل تعاوني,تاسي,الراجحي المالية,,,شرعي,2025-08-23T07:35:13.898239
8150,8150,المجموعة المتحدة للتأمين التعاوني,تاسي,الراجحي المالية,,,شرعي,2025-08-23T07:35:13.898256
8210,8210,شركة بوبا العربية للتأمين التعاوني,تاسي,الراجحي المالية,,,شرعي,2025-08-23T07:35:13.898272
8230,8230,شركة الراجحي للتأمين التعاوني,تاسي,الراجحي المالية,,,شرعي,2025-08-23T07:35:13.898288
8020,8020,شركة ملاذ للتأمين التعاوني,تاسي,الراجحي المالية,,,شرعي,2025-08-23T07:35:13.898304
8030,8030,شركة المتوسط والخليج للتأمين وإعادة التأمين التعاوني,تاسي,الراجحي المالية,,,شرعي,2025-08-23T07:35:13.898321
8010,8010,الشركة التعاونية للتأمين,تاسي,الراجحي المالية,,,شرعي,2025-08-23T07:35:13.898342
8300,8300,الشركة الوطنية للتأمين,تاسي,الراجحي المالية,,,شرعي,2025-08-23T07:35:13.898359
8280,8280,شركة ليفا للتأمين,تاسي,الراجحي المالية,,,شرعي,2025-08-23T07:35:13.898375
8070,8070,شركة الدرع العربي للتأمين التعاوني,تاسي,الراجحي المالية,,,شرعي,2025-08-23T07:35:13.898392
8160,8160,شركة التأمين العربية التعاونية,تاسي,الراجحي المالية,,,شرعي,2025-08-23T07:35:13.898410
8200,8200,الشركة السعودية لإعادة التأمين,تاسي,الراجحي المالية,,,شرعي,2025-08-23T07:35:13.898426
8170,8170,شركة الاتحاد للتأمين التعاوني,تاسي,الراجحي المالية,,,شرعي,2025-08-23T07:35:13.898443
8311,8311,شركة عناية السعودية للتأمين التعاوني,تاسي,الراجحي المالية,,,شرعي,2025-08-23T07:35:13.898460
8190,8190,الشركة المتحدة للتأمين التعاوني,تاسي,الراجحي المالية,,,شرعي,2025-08-23T07:35:13.898476
8260,8260,الشركة الخليجية العامة للتأمين التعاوني,تاسي,الراجحي المالية,,,شرعي,2025-08-23T07:35:13.898493
8250,8250,مجموعة الخليج للتأمين,تاسي,الراجحي المالية,,,شرعي,2025-08-23T07:35:13.898509
8240,8240,شركة تشب العربية للتأمين التعاوني,تاسي,الراجحي المالية,,,شرعي,2025-08-23T07:35:13.898525
8180,8180,شركة الصقر للتأمين التعاوني,تاسي,الراجحي المالية,,,شرعي,2025-08-23T07:35:13.898542
2030,2030,شركة المصافي العربية السعودية,تاسي,الراجحي المالية,,,شرعي,2025-08-23T07:35:13.898559
2120,2120,الشركة السعودية للصناعات المتطورة,تاسي,الراجحي المالية,,,شرعي,2025-08-23T07:35:13.898575
2190,2190,شركة البنى التحتية المستدامة القابضة,تاسي,الراجحي المالية,,,شرعي,2025-08-23T07:35:13.898591
4080,4080,شركة سناد القابضة,تاسي,الراجحي المالية,,,شرعي,2025-08-23T07:35:13.898608
4130,4130,شركة درب السعودية الأستثمارية,تاسي,الراجحي المالية,,,شرعي,2025-08-23T07:35:13.898624
3007,3007,شركة زهرة الواحة للتجارة,تاسي,الراجحي المالية,,,شرعي,2025-08-23T07:35:13.898641
1201,1201,شركة تكوين المتطورة للصناعات,تاسي,الراجحي المالية,,,شرعي,2025-08-23T07:35:13.898657
1210,1210,شركة الصناعات الكيميائية الأساسية,تاسي,الراجحي المالية,,,شرعي,2025-08-23T07:35:13.898673
1211,1211,شركة التعدين العربية السعودية,تاسي,الراجحي المالية,,,شرعي,2025-08-23T07:35:13.898690
1212,1212,مجموعة أسترا الصناعية,تاسي,الراجحي المالية,,,شرعي,2025-08-23T07:35:13.898706
1213,1213,شركة نسيج العالمية التجارية,تاسي,الراجحي المالية,,,شرعي,2025-08-23T07:35:13.898722
1214,1214,شركة الحسن غازي إبراهيم شاكر,تاسي,الراجحي المالية,,,شرعي,2025-08-23T07:35:13.898739
2070,2070,الشركة السعودية للصناعات الدوائية والمستلزمات الطبية,تاسي,الراجحي المالية,,,شرعي,2025-08-23T07:35:13.898755
2150,2150,شركة الصناعات الزجاجية الوطنية,تاسي,الراجحي المالية,,,شرعي,2025-08-23T07:35:13.898772
2180,2180,شركة تصنيع مواد التعبئة والتغليف,تاسي,الراجحي المالية,,,شرعي,2025-08-23T07:35:13.898788
2220,2220,الشركة الوطنية لتصنيع وسبك المعادن,تاسي,الراجحي المالية,,,شرعي,2025-08-23T07:35:13.898805
2230,2230,الشركة الكيميائية السعودية القابضة,تاسي,الراجحي المالية,,,شرعي,2025-08-23T07:35:13.898821
2300,2300,الشركة السعودية لصناعة الورق,تاسي,الراجحي المالية,,,شرعي,2025-08-23T07:35:13.898838
2340,2340,شركة ارتيكس للاستثمار الصناعي,تاسي,الراجحي المالية,,,شرعي,2025-08-23T07:35:13.898854
4140,4140,الشركة السعودية للصادرات الصناعية,تاسي,الراجحي المالية,,,شرعي,2025-08-23T07:35:13.898871
1202,1202,شركة الشرق الأوسط لصناعة وإنتاج الورق,تاسي,الراجحي المالية,,,شرعي,2025-08-23T07:35:13.898887
4145,4145,شركة العبيكان للزجاج,تاسي,الراجحي المالية,,,شرعي,2025-08-23T07:35:13.898904
4014,4014,شركة دار المعدات الطبية والعلمية,تاسي,الراجحي المالية,,,شرعي,2025-08-23T07:35:13.898921
1322,1322,شركة المصانع الكبرى للتعدين,تاسي,الراجحي المالية,,,شرعي,2025-08-23T07:35:13.898937
4015,4015,شركة مصنع جمجوم للأدوية,تاسي,الراجحي المالية,,,شرعي,2025-08-23T07:35:13.898953
4016,4016,شركة الشرق الأوسط للصناعات الدوائية,تاسي,الراجحي المالية,,,شرعي,2025-08-23T07:35:13.898970
4143,4143,شركة مجموعة التيسير تالكو الصناعية,تاسي,الراجحي المالية,,,شرعي,2025-08-23T07:35:13.898986
1323,1323,الشركة المتحدة لصناعات الكرتون,تاسي,الراجحي المالية,,,شرعي,2025-08-23T07:35:13.899002
1321,1321,شركة أنابيب الشرق المتكاملة للصناعة,تاسي,الراجحي المالية,,,شرعي,2025-08-23T07:35:13.899019
1304,1304,شركة اليمامة للصناعات الحديدية,تاسي,الراجحي المالية,,,شرعي,2025-08-23T07:35:13.899035
1303,1303,شركة الصناعات الكهربائية,تاسي,الراجحي المالية,,,شرعي,2025-08-23T07:35:13.899051
1302,1302,شركة بوان,تاسي,الراجحي المالية,,,شرعي,2025-08-23T07:35:13.899068
2370,2370,شركة الشرق الأوسط للكابلات المتخصصة,تاسي,الراجحي المالية,,,شرعي,2025-08-23T07:35:13.899084
1301,1301,شركة إتحاد مصانع الأسلاك,تاسي,الراجحي المالية,,,شرعي,2025-08-23T07:35:13.899100
1320,1320,الشركة السعودية لأنابيب الصلب,تاسي,الراجحي المالية,,,شرعي,2025-08-23T07:35:13.899116
2040,2040,شركة الخزف السعودي,تاسي,الراجحي المالية,,,شرعي,2025-08-23T07:35:13.899133
2090,2090,شركة الجبس الأهلية,تاسي,الراجحي المالية,,,شرعي,2025-08-23T07:35:13.899149
2110,2110,شركة الكابلات السعودية,تاسي,الراجحي المالية,,,شرعي,2025-08-23T07:35:13.899170
2130,2130,الشركة السعودية للتنمية الصناعية,تاسي,الراجحي المالية,,,شرعي,2025-08-23T07:35:13.899186
2160,2160,شركة أميانتيت العربية السعودية,تاسي,الراجحي المالية,,,شرعي,2025-08-23T07:35:13.899203
2200,2200,الشركة العربية للأنابيب,تاسي,الراجحي المالية,,,شرعي,2025-08-23T07:35:13.899219
2240,2240,شركة الزامل للإستثمار الصناعي,تاسي,الراجحي المالية,,,شرعي,2025-08-23T07:35:13.899235
2320,2320,شركة البابطين للطاقة والإتصالات,تاسي,الراجحي المالية,,,شرعي,2025-08-23T07:35:13.899252
2360,2360,الشركة السعودية لإنتاج الأنابيب الفخارية,تاسي,الراجحي المالية,,,شرعي,2025-08-23T07:35:13.899268
4230,4230,شركة البحر الأحمر العالمية,تاسي,الراجحي المالية,,,شرعي,2025-08-23T07:35:13.899285
2140,2140,شركة أيان للإستثمار,تاسي,الراجحي المالية,,,شرعي,2025-08-23T07:35:13.899302
4320,4320,شركة الأندلس العقارية,تاسي,الراجحي المالية,,,شرعي,2025-08-23T07:35:13.899318
4020,4020,الشركة العقارية السعودية,تاسي,الراجحي المالية,,,شرعي,2025-08-23T07:35:13.899334
4090,4090,شركة طيبة للإستثمار,تاسي,الراجحي المالية,,,شرعي,2025-08-23T07:35:13.899350
4100,4100,شركة مكة للإنشاء والتعمير,تاسي,الراجحي المالية,,,شرعي,2025-08-23T07:35:13.899367
4150,4150,شركة الرياض للتعمير,تاسي,الراجحي المالية,,,شرعي,2025-08-23T07:35:13.899383
4220,4220,إعمار المدينة الإقتصادية,تاسي,الراجحي المالية,,,شرعي,2025-08-23T07:35:13.899399
4250,4250,شركة جبل عمر للتطوير,تاسي,الراجحي المالية,,,شرعي,2025-08-23T07:35:13.899415
4300,4300,شركة دار الأركان للتطوير العقاري,تاسي,الراجحي المالية,,,شرعي,2025-08-23T07:35:13.899431
4310,4310,مدينة المعرفة الإقتصادية,تاسي,الراجحي المالية,,,شرعي,2025-08-23T07:35:13.899448
4323,4323,شركة سمو العقارية,تاسي,الراجحي المالية,,,شرعي,2025-08-23T07:35:13.899464
4321,4321,شركة المراكز العربية,تاسي,الراجحي المالية,,,شرعي,2025-08-23T07:35:13.899480
4324,4324,شركة بنان العقارية,تاسي,الراجحي المالية,,,شرعي,2025-08-23T07:35:13.899497
4322,4322,شركة رتال للتطوير العمراني,تاسي,الراجحي المالية,,,شرعي,2025-08-23T07:35:13.899513
4325,4325,شركة أم القرى للتنمية والإعمار,تاسي,الراجحي المالية,,,شرعي,2025-08-23T07:35:13.899529
4264,4264,شركة طيران ناس,تاسي,الراجحي المالية,,,شرعي,2025-08-23T07:35:13.899546
4262,4262,شركة لومي للتأجير,تاسي,الراجحي المالية,,,شرعي,2025-08-23T07:35:13.899562
4263,4263,شركة سال السعودية للخدمات اللوجستية,تاسي,الراجحي المالية,,,شرعي,2025-08-23T07:35:13.899578
4261,4261,شركة ذيب لتأجير السيارات,تاسي,الراجحي المالية,,,شرعي,2025-08-23T07:35:13.899594
4031,4031,الشركة السعودية للخدمات الأرضية,تاسي,الراجحي المالية,,,شرعي,2025-08-23T07:35:13.899611
4030,4030,الشركة الوطنية السعودية للنقل البحري,تاسي,الراجحي المالية,,,شرعي,2025-08-23T07:35:13.899627
4040,4040,الشركة السعودية للنقل الجماعي,تاسي,الراجحي المالية,,,شرعي,2025-08-23T07:35:13.899643
4110,4110,شركة باتك للإستثمار والأعمال اللوجستية,تاسي,الراجحي المالية,,,شرعي,2025-08-23T07:35:13.899660
4260,4260,الشركة المتحدة الدولية للمواصلات,تاسي,الراجحي المالية,,,شرعي,2025-08-23T07:35:13.899677
1831,1831,شركة مهارة للموارد البشرية,تاسي,الراجحي المالية,,,شرعي,2025-08-23T07:35:13.899693
4070,4070,شركة تهامة للإعلان والعلاقات العامة,تاسي,الراجحي المالية,,,شرعي,2025-08-23T07:35:13.899710
4270,4270,الشركة السعودية للطباعة والتغليف,تاسي,الراجحي المالية,,,شرعي,2025-08-23T07:35:13.899726
4210,4210,المجموعة السعودية للأبحاث والإعلام,تاسي,الراجحي المالية,,,شرعي,2025-08-23T07:35:13.899743
4071,4071,الشركة العربية للتعهدات الفنية,تاسي,الراجحي المالية,,,شرعي,2025-08-23T07:35:13.899759
1810,1810,مجموعة سيرا القابضة,تاسي,الراجحي المالية,,,شرعي,2025-08-23T07:35:13.899776
4170,4170,شركة المشروعات السياحية,تاسي,الراجحي المالية,,,شرعي,2025-08-23T07:35:13.899794
1820,1820,شركة مجموعة بان القابضة,تاسي,الراجحي المالية,,,شرعي,2025-08-23T07:35:13.899810
1832,1832,شركة صدر للخدمات اللوجستية,تاسي,الراجحي المالية,,,شرعي,2025-08-23T07:35:13.899826
4345,4345,صندوق الإنماء ريت لقطاع التجزئة,تاسي,الراجحي المالية,,,شرعي,2025-08-23T07:35:13.899843
4347,4347,صندوق بنيان ريت,تاسي,الراجحي المالية,,,شرعي,2025-08-23T07:35:13.899859
4346,4346,صندوق ميفك ريت,تاسي,الراجحي المالية,,,شرعي,2025-08-23T07:35:13.899875
4348,4348,صندوق الخبير ريت,تاسي,الراجحي المالية,,,شرعي,2025-08-23T07:35:13.899891
4337,4337,صندوق سيكو السعودية ريت,تاسي,الراجحي المالية,,,شرعي,2025-08-23T07:35:13.899908
4339,4339,صندوق دراية ريت,تاسي,الراجحي المالية,,,شرعي,2025-08-23T07:35:13.899925
4340,4340,صندوق الراجحي ريت,تاسي,الراجحي المالية,,,شرعي,2025-08-23T07:35:13.899941
4342,4342,صندوق جدوى ريت السعودية,تاسي,الراجحي المالية,,,شرعي,2025-08-23T07:35:13.899957
4344,4344,صندوق سدكو كابيتال ريت,تاسي,الراجحي المالية,,,شرعي,2025-08-23T07:35:13.899974
4330,4330,الرياض ريت,تاسي,الراجحي المالية,,,شرعي,2025-08-23T07:35:13.899990
4331,4331,صندوق الجزيرة ريت,تاسي,الراجحي المالية,,,شرعي,2025-08-23T07:35:13.900006
4332,4332,صندوق جدوى ريت الحرمين,تاسي,الراجحي المالية,,,شرعي,2025-08-23T07:35:13.900022
4333,4333,صندوق تعليم ريت,تاسي,الراجحي المالية,,,شرعي,2025-08-23T07:35:13.900038
4334,4334,صندوق المعذر ريت,تاسي,الراجحي المالية,,,شرعي,2025-08-23T07:35:13.900055
4335,4335,صندوق مشاركة ريت,تاسي,الراجحي المالية,,,شرعي,2025-08-23T07:35:13.900071
4336,4336,صندوق ملكية - عقارات الخليج ريت,تاسي,الراجحي المالية,,,شرعي,2025-08-23T07:35:13.900087
4338,4338,صندوق الأهلي ريت 1,تاسي,الراجحي المالية,,,شرعي,2025-08-23T07:35:13.900104
4349,4349,صندوق الإنماء ريت الفندقي,تاسي,الراجحي المالية,,,شرعي,2025-08-23T07:35:13.900121
1183,1183,شركة سهل للتمويل,تاسي,الراجحي المالية,,,شرعي,2025-08-23T07:35:13.900137
4081,4081,شركة النايفات للتمويل,تاسي,الراجحي المالية,,,شرعي,2025-08-23T07:35:13.900154
1111,1111,شركة مجموعة تداول السعودية القابضة,تاسي,الراجحي المالية,,,شرعي,2025-08-23T07:35:13.900170
6017,6017,شركة جاهز الدولية لتقنية نظم المعلومات,تاسي,الراجحي المالية,,,شرعي,2025-08-23T07:35:13.900187
1833,1833,شركة الموارد للقوى البشرية,تاسي,الراجحي المالية,,,شرعي,2025-08-23T07:35:13.900203
4082,4082,شركة المرابحة المرنة للتمويل,تاسي,الراجحي المالية,,,شرعي,2025-08-23T07:35:13.900220
1834,1834,الشركة السعودية لحلول القوى البشرية,تاسي,الراجحي المالية,,,شرعي,2025-08-23T07:35:13.900236
4084,4084,شركة دراية المالية,تاسي,الراجحي المالية,,,شرعي,2025-08-23T07:35:13.900252
1835,1835,شركة تمكين للموارد البشرية,تاسي,الراجحي المالية,,,شرعي,2025-08-23T07:35:13.900268
4083,4083,الشركة المتحدة الدولية القابضة,تاسي,الراجحي المالية,,,شرعي,2025-08-23T07:35:13.900285
1182,1182,شركة أملاك العالمية للتمويل,تاسي,الراجحي المالية,,,شرعي,2025-08-23T07:35:13.900301
2310,2310,شركة الصحراء العالمية للبتروكيماويات,تاسي,د.محمد بن سعود العصيمي,,,شرعي,2025-08-23T07:36:02.537388
2350,2350,شركة كيان السعودية للبتروكيماويات,تاسي,د.محمد بن سعود العصيمي,,,شرعي,2025-08-23T07:36:02.537443
2001,2001,شركة كيمائيات الميثانول,تاسي,د.محمد بن سعود العصيمي,,,شرعي,2025-08-23T07:36:02.537468
2330,2330,الشركة المتقدمة للبتروكيماويات,تاسي,د.محمد بن سعود العصيمي,,,شرعي,2025-08-23T07:36:02.537490
2170,2170,شركة اللجين,تاسي,د.محمد بن سعود العصيمي,,,شرعي,2025-08-23T07:36:02.537511
2210,2210,شركة نماء للكيماويات,تاسي,د.محمد بن سعود العصيمي,,,شرعي,2025-08-23T07:36:02.537532
2020,2020,شركة سابك للمغذيات الزراعية,تاسي,د.محمد بن سعود العصيمي,,,شرعي,2025-08-23T07:36:02.537553
2250,2250,المجموعة السعودية للإستثمار الصناعي,تاسي,د.محمد بن سعود العصيمي,,,شرعي,2025-08-23T07:36:02.537573
2290,2290,شركة ينبع الوطنية للبتروكيماويات,تاسي,د.محمد بن سعود العصيمي,,,شرعي,2025-08-23T07:36:02.537594
3010,3010,شركة الأسمنت العربية,تاسي,د.محمد بن سعود العصيمي,,,شرعي,2025-08-23T07:36:02.537615
3080,3080,شركة أسمنت المنطقة الشرقية,تاسي,د.محمد بن سعود العصيمي,,,شرعي,2025-08-23T07:36:02.537635
3040,3040,شركة أسمنت القصيم,تاسي,د.محمد بن سعود العصيمي,,,شرعي,2025-08-23T07:36:02.537657
3030,3030,شركة الأسمنت السعودية,تاسي,د.محمد بن سعود العصيمي,,,شرعي,2025-08-23T07:36:02.537679
3090,3090,شركة أسمنت تبوك,تاسي,د.محمد بن سعود العصيمي,,,شرعي,2025-08-23T07:36:02.537706
3020,3020,شركة أسمنت اليمامة,تاسي,د.محمد بن سعود العصيمي,,,شرعي,2025-08-23T07:36:02.537727
3002,3002,شركة أسمنت نجران,تاسي,د.محمد بن سعود العصيمي,,,شرعي,2025-08-23T07:36:02.537749
3003,3003,شركة أسمنت المدينة,تاسي,د.محمد بن سعود العصيمي,,,شرعي,2025-08-23T07:36:02.537770
3004,3004,شركة أسمنت المنطقة الشمالية,تاسي,د.محمد بن سعود العصيمي,,,شرعي,2025-08-23T07:36:02.537790
3005,3005,شركة أسمنت ام القرى,تاسي,د.محمد بن سعود العصيمي,,,شرعي,2025-08-23T07:36:02.537813
4200,4200,شركة الدريس للخدمات البترولية و النقليات,تاسي,د.محمد بن سعود العصيمي,,,شرعي,2025-08-23T07:36:02.537838
4008,4008,الشركة السعودية للعدد والأدوات,تاسي,د.محمد بن سعود العصيمي,,,شرعي,2025-08-23T07:36:02.537860
4011,4011,شركة لازوردي للمجوهرات,تاسي,د.محمد بن سعود العصيمي,,,شرعي,2025-08-23T07:36:02.537882
1830,1830,شركة لجام للرياضة,تاسي,د.محمد بن سعود العصيمي,,,شرعي,2025-08-23T07:36:02.537903
6012,6012,شركة ريدان الغذائية,تاسي,د.محمد بن سعود العصيمي,,,شرعي,2025-08-23T07:36:02.537923
4051,4051,شركة باعظيم التجارية,تاسي,د.محمد بن سعود العصيمي,,,شرعي,2025-08-23T07:36:02.537999
4191,4191,شركة عبد الله سعد محمد أبو معطي للمكتبات,تاسي,د.محمد بن سعود العصيمي,,,شرعي,2025-08-23T07:36:02.538037
4012,4012,شركة ثوب الأصيل,تاسي,د.محمد بن سعود العصيمي,,,شرعي,2025-08-23T07:36:02.538062
4292,4292,شركة عطاء التعليمية,تاسي,د.محمد بن سعود العصيمي,,,شرعي,2025-08-23T07:36:02.538084
4291,4291,الشركة الوطنية للتربية و التعليم,تاسي,د.محمد بن سعود العصيمي,,,شرعي,2025-08-23T07:36:02.538106
4161,4161,شركة بن داود القابضة,تاسي,د.محمد بن سعود العصيمي,,,شرعي,2025-08-23T07:36:02.538127
4162,4162,شركة المنجم للأغذية,تاسي,د.محمد بن سعود العصيمي,,,شرعي,2025-08-23T07:36:02.538148
6014,6014,شركة الآمار الغذائية,تاسي,د.محمد بن سعود العصيمي,,,شرعي,2025-08-23T07:36:02.538172
4192,4192,شركة متاجر السيف للتنمية والاستثمار,تاسي,د.محمد بن سعود العصيمي,,,شرعي,2025-08-23T07:36:02.538193
4193,4193,شركة نايس ون بيوتي للتسويق الإلكتروني,تاسي,د.محمد بن سعود العصيمي,,,شرعي,2025-08-23T07:36:02.538214
4001,4001,شركة أسواق عبدالله العثيم,تاسي,د.محمد بن سعود العصيمي,,,شرعي,2025-08-23T07:36:02.538251
4290,4290,شركة الخليج للتدريب والتعليم,تاسي,د.محمد بن سعود العصيمي,,,شرعي,2025-08-23T07:36:02.538307
4180,4180,مجموعة فتيحي القابضة,تاسي,د.محمد بن سعود العصيمي,,,شرعي,2025-08-23T07:36:02.538335
4190,4190,شركة جرير للتسويق,تاسي,د.محمد بن سعود العصيمي,,,شرعي,2025-08-23T07:36:02.538358
4050,4050,الشركة السعودية لخدمات السيارات والمعدات,تاسي,د.محمد بن سعود العصيمي,,,شرعي,2025-08-23T07:36:02.538380
4160,4160,شركة ثمار التنمية القابضة,تاسي,د.محمد بن سعود العصيمي,,,شرعي,2025-08-23T07:36:02.538402
4163,4163,شركة الدواء للخدمات الطبية,تاسي,د.محمد بن سعود العصيمي,,,شرعي,2025-08-23T07:36:02.538423
4164,4164,شركة النهدي الطبية,تاسي,د.محمد بن سعود العصيمي,,,شرعي,2025-08-23T07:36:02.538445
4165,4165,شركة الماجد للعود,تاسي,د.محمد بن سعود العصيمي,,,شرعي,2025-08-23T07:36:02.538467
4144,4144,شركة رؤوم التجارية,تاسي,د.محمد بن سعود العصيمي,,,شرعي,2025-08-23T07:36:02.538489
2080,2080,شركة الغاز والتصنيع الأهلية,تاسي,د.محمد بن سعود العصيمي,,,شرعي,2025-08-23T07:36:02.538514
2081,2081,شركة الخريف لتقنية المياه والطاقة,تاسي,د.محمد بن سعود العصيمي,,,شرعي,2025-08-23T07:36:02.538536
2083,2083,شركة مرافق الكهرباء والمياه بالجبيل وينبع,تاسي,د.محمد بن سعود العصيمي,,,شرعي,2025-08-23T07:36:02.538558
2223,2223,شركة أرامكو السعودية لزيوت الأساس,تاسي,د.محمد بن سعود العصيمي,,,شرعي,2025-08-23T07:36:02.538580
2381,2381,شركة الحفر العربية,تاسي,د.محمد بن سعود العصيمي,,,شرعي,2025-08-23T07:36:02.538600
4142,4142,شركة مجموعة كابلات الرياض,تاسي,د.محمد بن سعود العصيمي,,,شرعي,2025-08-23T07:36:02.538622
6013,6013,شركة الأعمال التطويرية الغذائية,تاسي,د.محمد بن سعود العصيمي,,,شرعي,2025-08-23T07:36:02.538642
6016,6016,شركة مطاعم بيت الشطيرة للوجبات السريعة,تاسي,د.محمد بن سعود العصيمي,,,شرعي,2025-08-23T07:36:02.538664
4061,4061,مجموعة أنعام الدولية القابضة,تاسي,د.محمد بن سعود العصيمي,,,شرعي,2025-08-23T07:36:02.538684
6002,6002,شركة هرفي للخدمات الغذائية,تاسي,د.محمد بن سعود العصيمي,,,شرعي,2025-08-23T07:36:02.538705
2285,2285,شركة المطاحن العربية للمنتجات الغذائية,تاسي,د.محمد بن سعود العصيمي,,,شرعي,2025-08-23T07:36:02.538726
2286,2286,شركة المطاحن الرابعة,تاسي,د.محمد بن سعود العصيمي,,,شرعي,2025-08-23T07:36:02.538746
2281,2281,شركة التنمية الغذائية,تاسي,د.محمد بن سعود العصيمي,,,شرعي,2025-08-23T07:36:02.538767
2282,2282,شركة نقي للمياه,تاسي,د.محمد بن سعود العصيمي,,,شرعي,2025-08-23T07:36:02.538787
2287,2287,الشركة العربية للاستثمار الزراعي والصناعي,تاسي,د.محمد بن سعود العصيمي,,,شرعي,2025-08-23T07:36:02.538808
6010,6010,الشركة الوطنية للتنمية الزراعية,تاسي,د.محمد بن سعود العصيمي,,,شرعي,2025-08-23T07:36:02.538828
6020,6020,شركة القصيم القابضة للاستثمار,تاسي,د.محمد بن سعود العصيمي,,,شرعي,2025-08-23T07:36:02.538849
6040,6040,شركة تبوك للتنمية الزراعية,تاسي,د.محمد بن سعود العصيمي,,,شرعي,2025-08-23T07:36:02.538871
6070,6070,شركة الجوف الزراعية,تاسي,د.محمد بن سعود العصيمي,,,شرعي,2025-08-23T07:36:02.538892
6090,6090,شركة جازان للتنمية والاستثمار,تاسي,د.محمد بن سعود العصيمي,,,شرعي,2025-08-23T07:36:02.538912
2280,2280,شركة المراعي,تاسي,د.محمد بن سعود العصيمي,,,شرعي,2025-08-23T07:36:02.538933
2270,2270,الشركة السعودية لمنتجات الألبان والأغذية,تاسي,د.محمد بن سعود العصيمي,,,شرعي,2025-08-23T07:36:02.538956
2100,2100,شركة وفرة للصناعة والتنمية,تاسي,د.محمد بن سعود العصيمي,,,شرعي,2025-08-23T07:36:02.538979
6001,6001,شركة حلواني إخوان,تاسي,د.محمد بن سعود العصيمي,,,شرعي,2025-08-23T07:36:02.539001
7010,7010,شركة الإتصالات السعودية,تاسي,د.محمد بن سعود العصيمي,,,شرعي,2025-08-23T07:36:02.539022
7020,7020,شركة إتحاد إتصالات,تاسي,د.محمد بن سعود العصيمي,,,شرعي,2025-08-23T07:36:02.539042
7204,7204,شركة العرض المتقن للخدمات التجارية,تاسي,د.محمد بن سعود العصيمي,,,شرعي,2025-08-23T07:36:02.539063
7211,7211,شركة عزم السعودية للاتصالات وتقنية المعلومات,تاسي,د.محمد بن سعود العصيمي,,,شرعي,2025-08-23T07:36:02.539083
7203,7203,شركة علم,تاسي,د.محمد بن سعود العصيمي,,,شرعي,2025-08-23T07:36:02.539104
7202,7202,الشركة العربية لخدمات الإنترنت والاتصالات,تاسي,د.محمد بن سعود العصيمي,,,شرعي,2025-08-23T07:36:02.539126
7040,7040,شركة إتحاد عذيب للإتصالات,تاسي,د.محمد بن سعود العصيمي,,,شرعي,2025-08-23T07:36:02.539149
4013,4013,مجموعة الدكتور سليمان الحبيب للخدمات الطبية,تاسي,د.محمد بن سعود العصيمي,,,شرعي,2025-08-23T07:36:02.539171
4004,4004,شركة دله للخدمات الصحية,تاسي,د.محمد بن سعود العصيمي,,,شرعي,2025-08-23T07:36:02.539192
2120,2120,الشركة السعودية للصناعات المتطورة,تاسي,د.محمد بن سعود العصيمي,,,شرعي,2025-08-23T07:36:02.539214
4080,4080,شركة سناد القابضة,تاسي,د.محمد بن سعود العصيمي,,,شرعي,2025-08-23T07:36:02.539235
4130,4130,شركة درب السعودية الأستثمارية,تاسي,د.محمد بن سعود العصيمي,,,شرعي,2025-08-23T07:36:02.539259
2030,2030,شركة المصافي العربية السعودية,تاسي,د.محمد بن سعود العصيمي,,,شرعي,2025-08-23T07:36:02.539280
4140,4140,الشركة السعودية للصادرات الصناعية,تاسي,د.محمد بن سعود العصيمي,,,شرعي,2025-08-23T07:36:02.539301
4143,4143,شركة مجموعة التيسير تالكو الصناعية,تاسي,د.محمد بن سعود العصيمي,,,شرعي,2025-08-23T07:36:02.539322
4145,4145,شركة العبيكان للزجاج,تاسي,د.محمد بن سعود العصيمي,,,شرعي,2025-08-23T07:36:02.539343
2230,2230,الشركة الكيميائية السعودية القابضة,تاسي,د.محمد بن سعود العصيمي,,,شرعي,2025-08-23T07:36:02.539364
4016,4016,شركة الشرق الأوسط للصناعات الدوائية,تاسي,د.محمد بن سعود العصيمي,,,شرعي,2025-08-23T07:36:02.539384
4014,4014,شركة دار المعدات الطبية والعلمية,تاسي,د.محمد بن سعود العصيمي,,,شرعي,2025-08-23T07:36:02.539406
2340,2340,شركة ارتيكس للاستثمار الصناعي,تاسي,د.محمد بن سعود العصيمي,,,شرعي,2025-08-23T07:36:02.539428
1210,1210,شركة الصناعات الكيميائية الأساسية,تاسي,د.محمد بن سعود العصيمي,,,شرعي,2025-08-23T07:36:02.539449
1214,1214,شركة الحسن غازي إبراهيم شاكر,تاسي,د.محمد بن سعود العصيمي,,,شرعي,2025-08-23T07:36:02.539470
1212,1212,مجموعة أسترا الصناعية,تاسي,د.محمد بن سعود العصيمي,,,شرعي,2025-08-23T07:36:02.539491
2220,2220,الشركة الوطنية لتصنيع وسبك المعادن,تاسي,د.محمد بن سعود العصيمي,,,شرعي,2025-08-23T07:36:02.539513
2180,2180,شركة تصنيع مواد التعبئة والتغليف,تاسي,د.محمد بن سعود العصيمي,,,شرعي,2025-08-23T07:36:02.539533
2150,2150,شركة الصناعات الزجاجية الوطنية,تاسي,د.محمد بن سعود العصيمي,,,شرعي,2025-08-23T07:36:02.539555
1322,1322,شركة المصانع الكبرى للتعدين,تاسي,د.محمد بن سعود العصيمي,,,شرعي,2025-08-23T07:36:02.539576
3007,3007,شركة زهرة الواحة للتجارة,تاسي,د.محمد بن سعود العصيمي,,,شرعي,2025-08-23T07:36:02.539598
1321,1321,شركة أنابيب الشرق المتكاملة للصناعة,تاسي,د.محمد بن سعود العصيمي,,,شرعي,2025-08-23T07:36:02.539618
2090,2090,شركة الجبس الأهلية,تاسي,د.محمد بن سعود العصيمي,,,شرعي,2025-08-23T07:36:02.539644
2200,2200,الشركة العربية للأنابيب,تاسي,د.محمد بن سعود العصيمي,,,شرعي,2025-08-23T07:36:02.539668
2240,2240,شركة الزامل للإستثمار الصناعي,تاسي,د.محمد بن سعود العصيمي,,,شرعي,2025-08-23T07:36:02.539693
2360,2360,الشركة السعودية لإنتاج الأنابيب الفخارية,تاسي,د.محمد بن سعود العصيمي,,,شرعي,2025-08-23T07:36:02.539716
1301,1301,شركة إتحاد مصانع الأسلاك,تاسي,د.محمد بن سعود العصيمي,,,شرعي,2025-08-23T07:36:02.539739
2130,2130,الشركة السعودية للتنمية الصناعية,تاسي,د.محمد بن سعود العصيمي,,,شرعي,2025-08-23T07:36:02.539762
4230,4230,شركة البحر الأحمر العالمية,تاسي,د.محمد بن سعود العصيمي,,,شرعي,2025-08-23T07:36:02.539784
2160,2160,شركة أميانتيت العربية السعودية,تاسي,د.محمد بن سعود العصيمي,,,شرعي,2025-08-23T07:36:02.539806
2370,2370,شركة الشرق الأوسط للكابلات المتخصصة,تاسي,د.محمد بن سعود العصيمي,,,شرعي,2025-08-23T07:36:02.539828
2320,2320,شركة البابطين للطاقة والإتصالات,تاسي,د.محمد بن سعود العصيمي,,,شرعي,2025-08-23T07:36:02.539851
1303,1303,شركة الصناعات الكهربائية,تاسي,د.محمد بن سعود العصيمي,,,شرعي,2025-08-23T07:36:02.539879
2110,2110,شركة الكابلات السعودية,تاسي,د.محمد بن سعود العصيمي,,,شرعي,2025-08-23T07:36:02.539901
2040,2040,شركة الخزف السعودي,تاسي,د.محمد بن سعود العصيمي,,,شرعي,2025-08-23T07:36:02.539923
1302,1302,شركة بوان,تاسي,د.محمد بن سعود العصيمي,,,شرعي,2025-08-23T07:36:02.539945
4310,4310,مدينة المعرفة الإقتصادية,تاسي,د.محمد بن سعود العصيمي,,,شرعي,2025-08-23T07:36:02.539966
4090,4090,شركة طيبة للإستثمار,تاسي,د.محمد بن سعود العصيمي,,,شرعي,2025-08-23T07:36:02.539992
4300,4300,شركة دار الأركان للتطوير العقاري,تاسي,د.محمد بن سعود العصيمي,,,شرعي,2025-08-23T07:36:02.540016
4250,4250,شركة جبل عمر للتطوير,تاسي,د.محمد بن سعود العصيمي,,,شرعي,2025-08-23T07:36:02.540037
4150,4150,شركة الرياض للتعمير,تاسي,د.محمد بن سعود العصيمي,,,شرعي,2025-08-23T07:36:02.540058
4100,4100,شركة مكة للإنشاء والتعمير,تاسي,د.محمد بن سعود العصيمي,,,شرعي,2025-08-23T07:36:02.540079
4324,4324,شركة بنان العقارية,تاسي,د.محمد بن سعود العصيمي,,,شرعي,2025-08-23T07:36:02.540100
4322,4322,شركة رتال للتطوير العمراني,تاسي,د.محمد بن سعود العصيمي,,,شرعي,2025-08-23T07:36:02.540122
4323,4323,شركة سمو العقارية,تاسي,د.محمد بن سعود العصيمي,,,شرعي,2025-08-23T07:36:02.540144
4320,4320,شركة الأندلس العقارية,تاسي,د.محمد بن سعود العصيمي,,,شرعي,2025-08-23T07:36:02.540165
4325,4325,شركة أم القرى للتنمية والإعمار,تاسي,د.محمد بن سعود العصيمي,,,شرعي,2025-08-23T07:36:02.540187
4321,4321,شركة المراكز العربية,تاسي,د.محمد بن سعود العصيمي,,,شرعي,2025-08-23T07:36:02.540210
4261,4261,شركة ذيب لتأجير السيارات,تاسي,د.محمد بن سعود العصيمي,,,شرعي,2025-08-23T07:36:02.540231
4262,4262,شركة لومي للتأجير,تاسي,د.محمد بن سعود العصيمي,,,شرعي,2025-08-23T07:36:02.540253
4031,4031,الشركة السعودية للخدمات الأرضية,تاسي,د.محمد بن سعود العصيمي,,,شرعي,2025-08-23T07:36:02.540289
4264,4264,شركة طيران ناس,تاسي,د.محمد بن سعود العصيمي,,,شرعي,2025-08-23T07:36:02.540310
4040,4040,الشركة السعودية للنقل الجماعي,تاسي,د.محمد بن سعود العصيمي,,,شرعي,2025-08-23T07:36:02.540331
4260,4260,الشركة المتحدة الدولية للمواصلات,تاسي,د.محمد بن سعود العصيمي,,,شرعي,2025-08-23T07:36:02.540353
4030,4030,الشركة الوطنية السعودية للنقل البحري,تاسي,د.محمد بن سعود العصيمي,,,شرعي,2025-08-23T07:36:02.540374
4110,4110,شركة باتك للإستثمار والأعمال اللوجستية,تاسي,د.محمد بن سعود العصيمي,,,شرعي,2025-08-23T07:36:02.540395
1831,1831,شركة مهارة للموارد البشرية,تاسي,د.محمد بن سعود العصيمي,,,شرعي,2025-08-23T07:36:02.540417
4071,4071,الشركة العربية للتعهدات الفنية,تاسي,د.محمد بن سعود العصيمي,,,شرعي,2025-08-23T07:36:02.540439
1820,1820,شركة مجموعة بان القابضة,تاسي,د.محمد بن سعود العصيمي,,,شرعي,2025-08-23T07:36:02.540461
4170,4170,شركة المشروعات السياحية,تاسي,د.محمد بن سعود العصيمي,,,شرعي,2025-08-23T07:36:02.540482
1810,1810,مجموعة سيرا القابضة,تاسي,د.محمد بن سعود العصيمي,,,شرعي,2025-08-23T07:36:02.540502
1832,1832,شركة صدر للخدمات اللوجستية,تاسي,د.محمد بن سعود العصيمي,,,شرعي,2025-08-23T07:36:02.540524
4335,4335,صندوق مشاركة ريت,تاسي,د.محمد بن سعود العصيمي,,,شرعي,2025-08-23T07:36:02.540545
4336,4336,صندوق ملكية - عقارات الخليج ريت,تاسي,د.محمد بن سعود العصيمي,,,شرعي,2025-08-23T07:36:02.540567
4337,4337,صندوق سيكو السعودية ريت,تاسي,د.محمد بن سعود العصيمي,,,شرعي,2025-08-23T07:36:02.540591
4344,4344,صندوق سدكو كابيتال ريت,تاسي,د.محمد بن سعود العصيمي,,,شرعي,2025-08-23T07:36:02.540615
4339,4339,صندوق دراية ريت,تاسي,د.محمد بن سعود العصيمي,,,شرعي,2025-08-23T07:36:02.540634
4340,4340,صندوق الراجحي ريت,تاسي,د.محمد بن سعود العصيمي,,,شرعي,2025-08-23T07:36:02.540656
4345,4345,صندوق الإنماء ريت لقطاع التجزئة,تاسي,د.محمد بن سعود العصيمي,,,شرعي,2025-08-23T07:36:02.540676
4342,4342,صندوق جدوى ريت السعودية,تاسي,د.محمد بن سعود العصيمي,,,شرعي,2025-08-23T07:36:02.540698
4346,4346,صندوق ميفك ريت,تاسي,د.محمد بن سعود العصيمي,,,شرعي,2025-08-23T07:36:02.540718
4347,4347,صندوق بنيان ريت,تاسي,د.محمد بن سعود العصيمي,,,شرعي,2025-08-23T07:36:02.540737
4333,4333,صندوق تعليم ريت,تاسي,د.محمد بن سعود العصيمي,,,شرعي,2025-08-23T07:36:02.540756
4348,4348,صندوق الخبير ريت,تاسي,د.محمد بن سعود العصيمي,,,شرعي,2025-08-23T07:36:02.540779
4331,4331,صندوق الجزيرة ريت,تاسي,د.محمد بن سعود العصيمي,,,شرعي,2025-08-23T07:36:02.540802
4330,4330,الرياض ريت,تاسي,د.محمد بن سعود العصيمي,,,شرعي,2025-08-23T07:36:02.540820
4349,4349,صندوق الإنماء ريت الفندقي,تاسي,د.محمد بن سعود العصيمي,,,شرعي,2025-08-23T07:36:02.540840
4083,4083,الشركة المتحدة الدولية القابضة,تاسي,د.محمد بن سعود العصيمي,,,شرعي,2025-08-23T07:36:02.540859
4081,4081,شركة النايفات للتمويل,تاسي,د.محمد بن سعود العصيمي,,,شرعي,2025-08-23T07:36:02.540878
4082,4082,شركة المرابحة المرنة للتمويل,تاسي,د.محمد بن سعود العصيمي,,,شرعي,2025-08-23T07:36:02.540898
1182,1182,شركة أملاك العالمية للتمويل,تاسي,د.محمد بن سعود العصيمي,,,شرعي,2025-08-23T07:36:02.540917
1183,1183,شركة سهل للتمويل,تاسي,د.محمد بن سعود العصيمي,,,شرعي,2025-08-23T07:36:02.540937
1834,1834,الشركة السعودية لحلول القوى البشرية,تاسي,د.محمد بن سعود العصيمي,,,شرعي,2025-08-23T07:36:02.540955
1835,1835,شركة تمكين للموارد البشرية,تاسي,د.محمد بن سعود العصيمي,,,شرعي,2025-08-23T07:36:02.540975
1833,1833,شركة الموارد للقوى البشرية,تاسي,د.محمد بن سعود العصيمي,,,شرعي,2025-08-23T07:36:02.540996
1020,1020,بنك الجزيرة,تاسي,تنمية للاستثمار,,,شرعي,2025-08-23T07:36:51.799050
1120,1120,مصرف الراجحي,تاسي,تنمية للاستثمار,,,شرعي,2025-08-23T07:36:51.799087
1140,1140,بنك البلاد,تاسي,تنمية للاستثمار,,,شرعي,2025-08-23T07:36:51.799108
1150,1150,مصرف الإنماء,تاسي,تنمية للاستثمار,,,شرعي,2025-08-23T07:36:51.799127
2001,2001,شركة كيمائيات الميثانول,تاسي,تنمية للاستثمار,,,شرعي,2025-08-23T07:36:51.799145
2010,2010,الشركة السعودية للصناعات الأساسية,تاسي,تنمية للاستثمار,,,شرعي,2025-08-23T07:36:51.799165
2020,2020,شركة سابك للمغذيات الزراعية,تاسي,تنمية للاستثمار,,,شرعي,2025-08-23T07:36:51.799184
2060,2060,شركة التصنيع الوطنية,تاسي,تنمية للاستثمار,,,شرعي,2025-08-23T07:36:51.799202
2170,2170,شركة اللجين,تاسي,تنمية للاستثمار,,,شرعي,2025-08-23T07:36:51.799220
2210,2210,شركة نماء للكيماويات,تاسي,تنمية للاستثمار,,,شرعي,2025-08-23T07:36:51.799239
2250,2250,المجموعة السعودية للإستثمار الصناعي,تاسي,تنمية للاستثمار,,,شرعي,2025-08-23T07:36:51.799257
2310,2310,شركة الصحراء العالمية للبتروكيماويات,تاسي,تنمية للاستثمار,,,شرعي,2025-08-23T07:36:51.799276
2350,2350,شركة كيان السعودية للبتروكيماويات,تاسي,تنمية للاستثمار,,,شرعي,2025-08-23T07:36:51.799294
2330,2330,الشركة المتقدمة للبتروكيماويات,تاسي,تنمية للاستثمار,,,شرعي,2025-08-23T07:36:51.799313
2290,2290,شركة ينبع الوطنية للبتروكيماويات,تاسي,تنمية للاستثمار,,,شرعي,2025-08-23T07:36:51.799331
2380,2380,شركة رابغ للتكرير والبتروكيماويات,تاسي,تنمية للاستثمار,,,شرعي,2025-08-23T07:36:51.799350
3092,3092,شركة أسمنت الرياض,تاسي,تنمية للاستثمار,,,شرعي,2025-08-23T07:36:51.799368
3010,3010,شركة الأسمنت العربية,تاسي,تنمية للاستثمار,,,شرعي,2025-08-23T07:36:51.799386
3080,3080,شركة أسمنت المنطقة الشرقية,تاسي,تنمية للاستثمار,,,شرعي,2025-08-23T07:36:51.799405
3040,3040,شركة أسمنت القصيم,تاسي,تنمية للاستثمار,,,شرعي,2025-08-23T07:36:51.799423
3030,3030,شركة الأسمنت السعودية,تاسي,تنمية للاستثمار,,,شرعي,2025-08-23T07:36:51.799441
3050,3050,شركة أسمنت المنطقة الجنوبية,تاسي,تنمية للاستثمار,,,شرعي,2025-08-23T07:36:51.799459
3090,3090,شركة أسمنت تبوك,تاسي,تنمية للاستثمار,,,شرعي,2025-08-23T07:36:51.799478
3020,3020,شركة أسمنت اليمامة,تاسي,تنمية للاستثمار,,,شرعي,2025-08-23T07:36:51.799496
3060,3060,شركة أسمنت ينبع,تاسي,تنمية للاستثمار,,,شرعي,2025-08-23T07:36:51.799514
3002,3002,شركة أسمنت نجران,تاسي,تنمية للاستثمار,,,شرعي,2025-08-23T07:36:51.799533
3003,3003,شركة أسمنت المدينة,تاسي,تنمية للاستثمار,,,شرعي,2025-08-23T07:36:51.799551
3091,3091,شركة أسمنت الجوف,تاسي,تنمية للاستثمار,,,شرعي,2025-08-23T07:36:51.799569
3004,3004,شركة أسمنت المنطقة الشمالية,تاسي,تنمية للاستثمار,,,شرعي,2025-08-23T07:36:51.799588
3005,3005,شركة أسمنت ام القرى,تاسي,تنمية للاستثمار,,,شرعي,2025-08-23T07:36:51.799606
4008,4008,الشركة السعودية للعدد والأدوات,تاسي,تنمية للاستثمار,,,شرعي,2025-08-23T07:36:51.799624
4006,4006,الشركة السعودية للتسويق,تاسي,تنمية للاستثمار,,,شرعي,2025-08-23T07:36:51.799643
4001,4001,شركة أسواق عبدالله العثيم,تاسي,تنمية للاستثمار,,,شرعي,2025-08-23T07:36:51.799661
4240,4240,شركة فواز عبدالعزيز الحكير وشركاه,تاسي,تنمية للاستثمار,,,شرعي,2025-08-23T07:36:51.799679
4200,4200,شركة الدريس للخدمات البترولية و النقليات,تاسي,تنمية للاستثمار,,,شرعي,2025-08-23T07:36:51.799697
1830,1830,شركة لجام للرياضة,تاسي,تنمية للاستثمار,,,شرعي,2025-08-23T07:36:51.799716
4291,4291,الشركة الوطنية للتربية و التعليم,تاسي,تنمية للاستثمار,,,شرعي,2025-08-23T07:36:51.799734
3008,3008,شركة الكثيري القابضة,تاسي,تنمية للاستثمار,,,شرعي,2025-08-23T07:36:51.799752
6012,6012,شركة ريدان الغذائية,تاسي,تنمية للاستثمار,,,شرعي,2025-08-23T07:36:51.799770
4051,4051,شركة باعظيم التجارية,تاسي,تنمية للاستثمار,,,شرعي,2025-08-23T07:36:51.799788
4191,4191,شركة عبد الله سعد محمد أبو معطي للمكتبات,تاسي,تنمية للاستثمار,,,شرعي,2025-08-23T07:36:51.799806
4012,4012,شركة ثوب الأصيل,تاسي,تنمية للاستثمار,,,شرعي,2025-08-23T07:36:51.799824
4011,4011,شركة لازوردي للمجوهرات,تاسي,تنمية للاستثمار,,,شرعي,2025-08-23T07:36:51.799842
4292,4292,شركة عطاء التعليمية,تاسي,تنمية للاستثمار,,,شرعي,2025-08-23T07:36:51.799861
4141,4141,شركة العمران للصناعة والتجارة,تاسي,تنمية للاستثمار,,,شرعي,2025-08-23T07:36:51.799879
4161,4161,شركة بن داود القابضة,تاسي,تنمية للاستثمار,,,شرعي,2025-08-23T07:36:51.799897
4290,4290,شركة الخليج للتدريب والتعليم,تاسي,تنمية للاستثمار,,,شرعي,2025-08-23T07:36:51.799916
4003,4003,الشركة المتحدة للإلكترونيات,تاسي,تنمية للاستثمار,,,شرعي,2025-08-23T07:36:51.799934
4180,4180,مجموعة فتيحي القابضة,تاسي,تنمية للاستثمار,,,شرعي,2025-08-23T07:36:51.799953
4190,4190,شركة جرير للتسويق,تاسي,تنمية للاستثمار,,,شرعي,2025-08-23T07:36:51.799971
4050,4050,الشركة السعودية لخدمات السيارات والمعدات,تاسي,تنمية للاستثمار,,,شرعي,2025-08-23T07:36:51.799989
4163,4163,شركة الدواء للخدمات الطبية,تاسي,تنمية للاستثمار,,,شرعي,2025-08-23T07:36:51.800008
4164,4164,شركة النهدي الطبية,تاسي,تنمية للاستثمار,,,شرعي,2025-08-23T07:36:51.800026
4144,4144,شركة رؤوم التجارية,تاسي,تنمية للاستثمار,,,شرعي,2025-08-23T07:36:51.800044
4162,4162,شركة المنجم للأغذية,تاسي,تنمية للاستثمار,,,شرعي,2025-08-23T07:36:51.800062
5110,5110,الشركة السعودية للكهرباء,تاسي,تنمية للاستثمار,,,شرعي,2025-08-23T07:36:51.800080
2080,2080,شركة الغاز والتصنيع الأهلية,تاسي,تنمية للاستثمار,,,شرعي,2025-08-23T07:36:51.800097
2081,2081,شركة الخريف لتقنية المياه والطاقة,تاسي,تنمية للاستثمار,,,شرعي,2025-08-23T07:36:51.800116
2082,2082,شركة أكوا باور,تاسي,تنمية للاستثمار,,,شرعي,2025-08-23T07:36:51.800134
2222,2222,شركة الزيت العربية السعودية,تاسي,تنمية للاستثمار,,,شرعي,2025-08-23T07:36:51.800152
6013,6013,شركة الأعمال التطويرية الغذائية,تاسي,تنمية للاستثمار,,,شرعي,2025-08-23T07:36:51.800170
2281,2281,شركة التنمية الغذائية,تاسي,تنمية للاستثمار,,,شرعي,2025-08-23T07:36:51.800188
2050,2050,مجموعة صافولا,تاسي,تنمية للاستثمار,,,شرعي,2025-08-23T07:36:51.800206
2100,2100,شركة وفرة للصناعة والتنمية,تاسي,تنمية للاستثمار,,,شرعي,2025-08-23T07:36:51.800224
2270,2270,الشركة السعودية لمنتجات الألبان والأغذية,تاسي,تنمية للاستثمار,,,شرعي,2025-08-23T07:36:51.800242
2280,2280,شركة المراعي,تاسي,تنمية للاستثمار,,,شرعي,2025-08-23T07:36:51.800260
6010,6010,الشركة الوطنية للتنمية الزراعية,تاسي,تنمية للاستثمار,,,شرعي,2025-08-23T07:36:51.800278
6020,6020,شركة القصيم القابضة للاستثمار,تاسي,تنمية للاستثمار,,,شرعي,2025-08-23T07:36:51.800296
6040,6040,شركة تبوك للتنمية الزراعية,تاسي,تنمية للاستثمار,,,شرعي,2025-08-23T07:36:51.800314
6050,6050,الشركة السعودية للأسماك,تاسي,تنمية للاستثمار,,,شرعي,2025-08-23T07:36:51.800332
6060,6060,شركة الشرقية للتنمية,تاسي,تنمية للاستثمار,,,شرعي,2025-08-23T07:36:51.800350
6070,6070,شركة الجوف الزراعية,تاسي,تنمية للاستثمار,,,شرعي,2025-08-23T07:36:51.800368
6090,6090,شركة جازان للتنمية والاستثمار,تاسي,تنمية للاستثمار,,,شرعي,2025-08-23T07:36:51.800386
4061,4061,مجموعة أنعام الدولية القابضة,تاسي,تنمية للاستثمار,,,شرعي,2025-08-23T07:36:51.800405
6002,6002,شركة هرفي للخدمات الغذائية,تاسي,تنمية للاستثمار,,,شرعي,2025-08-23T07:36:51.800423
6001,6001,شركة حلواني إخوان,تاسي,تنمية للاستثمار,,,شرعي,2025-08-23T07:36:51.800441
6004,6004,شركة كاتريون للتموين القابضة,تاسي,تنمية للاستثمار,,,شرعي,2025-08-23T07:36:51.800459
6016,6016,شركة مطاعم بيت الشطيرة للوجبات السريعة,تاسي,تنمية للاستثمار,,,شرعي,2025-08-23T07:36:51.800477
7203,7203,شركة علم,تاسي,تنمية للاستثمار,,,شرعي,2025-08-23T07:36:51.800496
7211,7211,شركة عزم السعودية للاتصالات وتقنية المعلومات,تاسي,تنمية للاستثمار,,,شرعي,2025-08-23T07:36:51.800513
7030,7030,شركة الإتصالات المتنقلة السعودية,تاسي,تنمية للاستثمار,,,شرعي,2025-08-23T07:36:51.800532
7010,7010,شركة الإتصالات السعودية,تاسي,تنمية للاستثمار,,,شرعي,2025-08-23T07:36:51.800550
7020,7020,شركة إتحاد إتصالات,تاسي,تنمية للاستثمار,,,شرعي,2025-08-23T07:36:51.800567
7040,7040,شركة إتحاد عذيب للإتصالات,تاسي,تنمية للاستثمار,,,شرعي,2025-08-23T07:36:51.800586
7202,7202,الشركة العربية لخدمات الإنترنت والاتصالات,تاسي,تنمية للاستثمار,,,شرعي,2025-08-23T07:36:51.800604
7201,7201,شركة بحر العرب لأنظمة المعلومات,تاسي,تنمية للاستثمار,,,شرعي,2025-08-23T07:36:51.800622
7200,7200,شركة المعمر لأنظمة المعلومات,تاسي,تنمية للاستثمار,,,شرعي,2025-08-23T07:36:51.800640
4013,4013,مجموعة الدكتور سليمان الحبيب للخدمات الطبية,تاسي,تنمية للاستثمار,,,شرعي,2025-08-23T07:36:51.800658
4004,4004,شركة دله للخدمات الصحية,تاسي,تنمية للاستثمار,,,شرعي,2025-08-23T07:36:51.800677
4002,4002,شركة المواساة للخدمات الطبية,تاسي,تنمية للاستثمار,,,شرعي,2025-08-23T07:36:51.800695
4009,4009,شركة الشرق الأوسط للرعاية الصحية,تاسي,تنمية للاستثمار,,,شرعي,2025-08-23T07:36:51.800713
4005,4005,الشركة الوطنية للرعاية الطبية,تاسي,تنمية للاستثمار,,,شرعي,2025-08-23T07:36:51.800730
4007,4007,شركة الحمادي القابضة,تاسي,تنمية للاستثمار,,,شرعي,2025-08-23T07:36:51.800749
8060,8060,شركة ولاء للتأمين التعاوني,تاسي,تنمية للاستثمار,,,شرعي,2025-08-23T07:36:51.800767
8311,8311,شركة عناية السعودية للتأمين التعاوني,تاسي,تنمية للاستثمار,,,شرعي,2025-08-23T07:36:51.800785
8160,8160,شركة التأمين العربية التعاونية,تاسي,تنمية للاستثمار,,,شرعي,2025-08-23T07:36:51.800803
8300,8300,الشركة الوطنية للتأمين,تاسي,تنمية للاستثمار,,,شرعي,2025-08-23T07:36:51.800821
8020,8020,شركة ملاذ للتأمين التعاوني,تاسي,تنمية للاستثمار,,,شرعي,2025-08-23T07:36:51.800839
8170,8170,شركة الاتحاد للتأمين التعاوني,تاسي,تنمية للاستثمار,,,شرعي,2025-08-23T07:36:51.800857
8010,8010,الشركة التعاونية للتأمين,تاسي,تنمية للاستثمار,,,شرعي,2025-08-23T07:36:51.800875
8230,8230,شركة الراجحي للتأمين التعاوني,تاسي,تنمية للاستثمار,,,شرعي,2025-08-23T07:36:51.800893
8150,8150,المجموعة المتحدة للتأمين التعاوني,تاسي,تنمية للاستثمار,,,شرعي,2025-08-23T07:36:51.800911
8210,8210,شركة بوبا العربية للتأمين التعاوني,تاسي,تنمية للاستثمار,,,شرعي,2025-08-23T07:36:51.800930
8070,8070,شركة الدرع العربي للتأمين التعاوني,تاسي,تنمية للاستثمار,,,شرعي,2025-08-23T07:36:51.800948
8012,8012,شركة الجزيرة تكافل تعاوني,تاسي,تنمية للاستثمار,,,شرعي,2025-08-23T07:36:51.800967
8250,8250,مجموعة الخليج للتأمين,تاسي,تنمية للاستثمار,,,شرعي,2025-08-23T07:36:51.800985
8240,8240,شركة تشب العربية للتأمين التعاوني,تاسي,تنمية للاستثمار,,,شرعي,2025-08-23T07:36:51.801003
8200,8200,الشركة السعودية لإعادة التأمين,تاسي,تنمية للاستثمار,,,شرعي,2025-08-23T07:36:51.801022
8310,8310,شركة أمانة للتأمين التعاوني,تاسي,تنمية للاستثمار,,,شرعي,2025-08-23T07:36:51.801040
8260,8260,الشركة الخليجية العامة للتأمين التعاوني,تاسي,تنمية للاستثمار,,,شرعي,2025-08-23T07:36:51.801059
8120,8120,شركة إتحاد الخليج الأهلية للتأمين التعاوني,تاسي,تنمية للاستثمار,,,شرعي,2025-08-23T07:36:51.801077
8180,8180,شركة الصقر للتأمين التعاوني,تاسي,تنمية للاستثمار,,,شرعي,2025-08-23T07:36:51.801096
8040,8040,شركة متكاملة للتأمين,تاسي,تنمية للاستثمار,,,شرعي,2025-08-23T07:36:51.801114
8030,8030,شركة المتوسط والخليج للتأمين وإعادة التأمين التعاوني,تاسي,تنمية للاستثمار,,,شرعي,2025-08-23T07:36:51.801132
8100,8100,الشركة العربية السعودية للتأمين التعاوني,تاسي,تنمية للاستثمار,,,شرعي,2025-08-23T07:36:51.801150
8270,8270,شركة بروج للتأمين التعاوني,تاسي,تنمية للاستثمار,,,شرعي,2025-08-23T07:36:51.801168
8280,8280,شركة ليفا للتأمين,تاسي,تنمية للاستثمار,,,شرعي,2025-08-23T07:36:51.801186
8050,8050,شركة سلامة للتأمين التعاوني,تاسي,تنمية للاستثمار,,,شرعي,2025-08-23T07:36:51.801204
8190,8190,الشركة المتحدة للتأمين التعاوني,تاسي,تنمية للاستثمار,,,شرعي,2025-08-23T07:36:51.801222
4080,4080,شركة سناد القابضة,تاسي,تنمية للاستثمار,,,شرعي,2025-08-23T07:36:51.801240
4130,4130,شركة درب السعودية الأستثمارية,تاسي,تنمية للاستثمار,,,شرعي,2025-08-23T07:36:51.801258
2120,2120,الشركة السعودية للصناعات المتطورة,تاسي,تنمية للاستثمار,,,شرعي,2025-08-23T07:36:51.801277
2190,2190,شركة البنى التحتية المستدامة القابضة,تاسي,تنمية للاستثمار,,,شرعي,2025-08-23T07:36:51.801295
2030,2030,شركة المصافي العربية السعودية,تاسي,تنمية للاستثمار,,,شرعي,2025-08-23T07:36:51.801313
1201,1201,شركة تكوين المتطورة للصناعات,تاسي,تنمية للاستثمار,,,شرعي,2025-08-23T07:36:51.801331
1210,1210,شركة الصناعات الكيميائية الأساسية,تاسي,تنمية للاستثمار,,,شرعي,2025-08-23T07:36:51.801350
1211,1211,شركة التعدين العربية السعودية,تاسي,تنمية للاستثمار,,,شرعي,2025-08-23T07:36:51.801368
1212,1212,مجموعة أسترا الصناعية,تاسي,تنمية للاستثمار,,,شرعي,2025-08-23T07:36:51.801386
1213,1213,شركة نسيج العالمية التجارية,تاسي,تنمية للاستثمار,,,شرعي,2025-08-23T07:36:51.801404
1214,1214,شركة الحسن غازي إبراهيم شاكر,تاسي,تنمية للاستثمار,,,شرعي,2025-08-23T07:36:51.801422
2070,2070,الشركة السعودية للصناعات الدوائية والمستلزمات الطبية,تاسي,تنمية للاستثمار,,,شرعي,2025-08-23T07:36:51.801440
2150,2150,شركة الصناعات الزجاجية الوطنية,تاسي,تنمية للاستثمار,,,شرعي,2025-08-23T07:36:51.801459
2180,2180,شركة تصنيع مواد التعبئة والتغليف,تاسي,تنمية للاستثمار,,,شرعي,2025-08-23T07:36:51.801477
2220,2220,الشركة الوطنية لتصنيع وسبك المعادن,تاسي,تنمية للاستثمار,,,شرعي,2025-08-23T07:36:51.801495
2230,2230,الشركة الكيميائية السعودية القابضة,تاسي,تنمية للاستثمار,,,شرعي,2025-08-23T07:36:51.801513
1202,1202,شركة الشرق الأوسط لصناعة وإنتاج الورق,تاسي,تنمية للاستثمار,,,شرعي,2025-08-23T07:36:51.801532
4140,4140,الشركة السعودية للصادرات الصناعية,تاسي,تنمية للاستثمار,,,شرعي,2025-08-23T07:36:51.801551
2300,2300,الشركة السعودية لصناعة الورق,تاسي,تنمية للاستثمار,,,شرعي,2025-08-23T07:36:51.801569
2340,2340,شركة ارتيكس للاستثمار الصناعي,تاسي,تنمية للاستثمار,,,شرعي,2025-08-23T07:36:51.801587
3007,3007,شركة زهرة الواحة للتجارة,تاسي,تنمية للاستثمار,,,شرعي,2025-08-23T07:36:51.801605
4145,4145,شركة العبيكان للزجاج,تاسي,تنمية للاستثمار,,,شرعي,2025-08-23T07:36:51.801623
1322,1322,شركة المصانع الكبرى للتعدين,تاسي,تنمية للاستثمار,,,شرعي,2025-08-23T07:36:51.801641
1321,1321,شركة أنابيب الشرق المتكاملة للصناعة,تاسي,تنمية للاستثمار,,,شرعي,2025-08-23T07:36:51.801659
2360,2360,الشركة السعودية لإنتاج الأنابيب الفخارية,تاسي,تنمية للاستثمار,,,شرعي,2025-08-23T07:36:51.801677
2370,2370,شركة الشرق الأوسط للكابلات المتخصصة,تاسي,تنمية للاستثمار,,,شرعي,2025-08-23T07:36:51.801695
4230,4230,شركة البحر الأحمر العالمية,تاسي,تنمية للاستثمار,,,شرعي,2025-08-23T07:36:51.801713
1303,1303,شركة الصناعات الكهربائية,تاسي,تنمية للاستثمار,,,شرعي,2025-08-23T07:36:51.801731
1302,1302,شركة بوان,تاسي,تنمية للاستثمار,,,شرعي,2025-08-23T07:36:51.801749
1301,1301,شركة إتحاد مصانع الأسلاك,تاسي,تنمية للاستثمار,,,شرعي,2025-08-23T07:36:51.801767
1320,1320,الشركة السعودية لأنابيب الصلب,تاسي,تنمية للاستثمار,,,شرعي,2025-08-23T07:36:51.801786
2040,2040,شركة الخزف السعودي,تاسي,تنمية للاستثمار,,,شرعي,2025-08-23T07:36:51.801804
2090,2090,شركة الجبس الأهلية,تاسي,تنمية للاستثمار,,,شرعي,2025-08-23T07:36:51.801822
2130,2130,الشركة السعودية للتنمية الصناعية,تاسي,تنمية للاستثمار,,,شرعي,2025-08-23T07:36:51.801840
2160,2160,شركة أميانتيت العربية السعودية,تاسي,تنمية للاستثمار,,,شرعي,2025-08-23T07:36:51.801858
2200,2200,الشركة العربية للأنابيب,تاسي,تنمية للاستثمار,,,شرعي,2025-08-23T07:36:51.801876
2240,2240,شركة الزامل للإستثمار الصناعي,تاسي,تنمية للاستثمار,,,شرعي,2025-08-23T07:36:51.801895
2110,2110,شركة الكابلات السعودية,تاسي,تنمية للاستثمار,,,شرعي,2025-08-23T07:36:51.801914
2320,2320,شركة البابطين للطاقة والإتصالات,تاسي,تنمية للاستثمار,,,شرعي,2025-08-23T07:36:51.801932
1304,1304,شركة اليمامة للصناعات الحديدية,تاسي,تنمية للاستثمار,,,شرعي,2025-08-23T07:36:51.801950
4321,4321,شركة المراكز العربية,تاسي,تنمية للاستثمار,,,شرعي,2025-08-23T07:36:51.801968
2140,2140,شركة أيان للإستثمار,تاسي,تنمية للاستثمار,,,شرعي,2025-08-23T07:36:51.801986
4150,4150,شركة الرياض للتعمير,تاسي,تنمية للاستثمار,,,شرعي,2025-08-23T07:36:51.802004
4100,4100,شركة مكة للإنشاء والتعمير,تاسي,تنمية للاستثمار,,,شرعي,2025-08-23T07:36:51.802023
4020,4020,الشركة العقارية السعودية,تاسي,تنمية للاستثمار,,,شرعي,2025-08-23T07:36:51.802041
4220,4220,إعمار المدينة الإقتصادية,تاسي,تنمية للاستثمار,,,شرعي,2025-08-23T07:36:51.802059
4310,4310,مدينة المعرفة الإقتصادية,تاسي,تنمية للاستثمار,,,شرعي,2025-08-23T07:36:51.802076
4090,4090,شركة طيبة للإستثمار,تاسي,تنمية للاستثمار,,,شرعي,2025-08-23T07:36:51.802094
4300,4300,شركة دار الأركان للتطوير العقاري,تاسي,تنمية للاستثمار,,,شرعي,2025-08-23T07:36:51.802112
4250,4250,شركة جبل عمر للتطوير,تاسي,تنمية للاستثمار,,,شرعي,2025-08-23T07:36:51.802131
4320,4320,شركة الأندلس العقارية,تاسي,تنمية للاستثمار,,,شرعي,2025-08-23T07:36:51.802149
4323,4323,شركة سمو العقارية,تاسي,تنمية للاستثمار,,,شرعي,2025-08-23T07:36:51.802167
4324,4324,شركة بنان العقارية,تاسي,تنمية للاستثمار,,,شرعي,2025-08-23T07:36:51.802185
4031,4031,الشركة السعودية للخدمات الأرضية,تاسي,تنمية للاستثمار,,,شرعي,2025-08-23T07:36:51.802204
4260,4260,الشركة المتحدة الدولية للمواصلات,تاسي,تنمية للاستثمار,,,شرعي,2025-08-23T07:36:51.802222
4040,4040,الشركة السعودية للنقل الجماعي,تاسي,تنمية للاستثمار,,,شرعي,2025-08-23T07:36:51.802241
4110,4110,شركة باتك للإستثمار والأعمال اللوجستية,تاسي,تنمية للاستثمار,,,شرعي,2025-08-23T07:36:51.802259
4030,4030,الشركة الوطنية السعودية للنقل البحري,تاسي,تنمية للاستثمار,,,شرعي,2025-08-23T07:36:51.802277
4261,4261,شركة ذيب لتأجير السيارات,تاسي,تنمية للاستثمار,,,شرعي,2025-08-23T07:36:51.802296
1831,1831,شركة مهارة للموارد البشرية,تاسي,تنمية للاستثمار,,,شرعي,2025-08-23T07:36:51.802314
4070,4070,شركة تهامة للإعلان والعلاقات العامة,تاسي,تنمية للاستثمار,,,شرعي,2025-08-23T07:36:51.802333
4270,4270,الشركة السعودية للطباعة والتغليف,تاسي,تنمية للاستثمار,,,شرعي,2025-08-23T07:36:51.802351
4071,4071,الشركة العربية للتعهدات الفنية,تاسي,تنمية للاستثمار,,,شرعي,2025-08-23T07:36:51.802369
4210,4210,المجموعة السعودية للأبحاث والإعلام,تاسي,تنمية للاستثمار,,,شرعي,2025-08-23T07:36:51.802388
4170,4170,شركة المشروعات السياحية,تاسي,تنمية للاستثمار,,,شرعي,2025-08-23T07:36:51.802406
1810,1810,مجموعة سيرا القابضة,تاسي,تنمية للاستثمار,,,شرعي,2025-08-23T07:36:51.802424
1820,1820,شركة مجموعة بان القابضة,تاسي,تنمية للاستثمار,,,شرعي,2025-08-23T07:36:51.802442
1832,1832,شركة صدر للخدمات اللوجستية,تاسي,تنمية للاستثمار,,,شرعي,2025-08-23T07:36:51.802460
4348,4348,صندوق الخبير ريت,تاسي,تنمية للاستثمار,,,شرعي,2025-08-23T07:36:51.802479
4344,4344,صندوق سدكو كابيتال ريت,تاسي,تنمية للاستثمار,,,شرعي,2025-08-23T07:36:51.802497
4339,4339,صندوق دراية ريت,تاسي,تنمية للاستثمار,,,شرعي,2025-08-23T07:36:51.802515
4340,4340,صندوق الراجحي ريت,تاسي,تنمية للاستثمار,,,شرعي,2025-08-23T07:36:51.802533
4345,4345,صندوق الإنماء ريت لقطاع التجزئة,تاسي,تنمية للاستثمار,,,شرعي,2025-08-23T07:36:51.802551
4346,4346,صندوق ميفك ريت,تاسي,تنمية للاستثمار,,,شرعي,2025-08-23T07:36:51.802569
4347,4347,صندوق بنيان ريت,تاسي,تنمية للاستثمار,,,شرعي,2025-08-23T07:36:51.802587
4330,4330,الرياض ريت,تاسي,تنمية للاستثمار,,,شرعي,2025-08-23T07:36:51.802605
4331,4331,صندوق الجزيرة ريت,تاسي,تنمية للاستثمار,,,شرعي,2025-08-23T07:36:51.802623
4332,4332,صندوق جدوى ريت الحرمين,تاسي,تنمية للاستثمار,,,شرعي,2025-08-23T07:36:51.802641
4333,4333,صندوق تعليم ريت,تاسي,تنمية للاستثمار,,,شرعي,2025-08-23T07:36:51.802659
4334,4334,صندوق المعذر ريت,تاسي,تنمية للاستثمار,,,شرعي,2025-08-23T07:36:51.802677
4335,4335,صندوق مشاركة ريت,تاسي,تنمية للاستثمار,,,شرعي,2025-08-23T07:36:51.802695
4336,4336,صندوق ملكية - عقارات الخليج ريت,تاسي,تنمية للاستثمار,,,شرعي,2025-08-23T07:36:51.802713
4337,4337,صندوق سيكو السعودية ريت,تاسي,تنمية للاستثمار,,,شرعي,2025-08-23T07:36:51.802733
4338,4338,صندوق الأهلي ريت 1,تاسي,تنمية للاستثمار,,,شرعي,2025-08-23T07:36:51.802751
4342,4342,صندوق جدوى ريت السعودية,تاسي,تنمية للاستثمار,,,شرعي,2025-08-23T07:36:51.802770
1182,1182,شركة أملاك العالمية للتمويل,تاسي,تنمية للاستثمار,,,شرعي,2025-08-23T07:36:51.802788
4081,4081,شركة النايفات للتمويل,تاسي,تنمية للاستثمار,,,شرعي,2025-08-23T07:36:51.802806
1111,1111,شركة مجموعة تداول السعودية القابضة,تاسي,تنمية للاستثمار,,,شرعي,2025-08-23T07:36:51.802825
6017,6017,شركة جاهز الدولية لتقنية نظم المعلومات,تاسي,تنمية للاستثمار,,,شرعي,2025-08-23T07:36:51.802843
1183,1183,شركة سهل للتمويل,تاسي,تنمية للاستثمار,,,شرعي,2025-08-23T07:36:51.802861
1140,1140,بنك البلاد,تاسي,البلاد المالية,,,شرعي,2025-08-23T07:37:40.544580
1020,1020,بنك الجزيرة,تاسي,البلاد المالية,,,شرعي,2025-08-23T07:37:40.544617
1150,1150,مصرف الإنماء,تاسي,البلاد المالية,,,شرعي,2025-08-23T07:37:40.544638
1120,1120,مصرف الراجحي,تاسي,البلاد المالية,,,شرعي,2025-08-23T07:37:40.544657
2310,2310,شركة الصحراء العالمية للبتروكيماويات,تاسي,البلاد المالية,,,شرعي,2025-08-23T07:37:40.544676
2350,2350,شركة كيان السعودية للبتروكيماويات,تاسي,البلاد المالية,,,شرعي,2025-08-23T07:37:40.544695
2210,2210,شركة نماء للكيماويات,تاسي,البلاد المالية,,,شرعي,2025-08-23T07:37:40.544713
2010,2010,الشركة السعودية للصناعات الأساسية,تاسي,البلاد المالية,,,شرعي,2025-08-23T07:37:40.544731
2250,2250,المجموعة السعودية للإستثمار الصناعي,تاسي,البلاد المالية,,,شرعي,2025-08-23T07:37:40.544749
2290,2290,شركة ينبع الوطنية للبتروكيماويات,تاسي,البلاد المالية,,,شرعي,2025-08-23T07:37:40.544767
2001,2001,شركة كيمائيات الميثانول,تاسي,البلاد المالية,,,شرعي,2025-08-23T07:37:40.544786
2330,2330,الشركة المتقدمة للبتروكيماويات,تاسي,البلاد المالية,,,شرعي,2025-08-23T07:37:40.544804
2170,2170,شركة اللجين,تاسي,البلاد المالية,,,شرعي,2025-08-23T07:37:40.544822
2060,2060,شركة التصنيع الوطنية,تاسي,البلاد المالية,,,شرعي,2025-08-23T07:37:40.544840
2020,2020,شركة سابك للمغذيات الزراعية,تاسي,البلاد المالية,,,شرعي,2025-08-23T07:37:40.544858
2380,2380,شركة رابغ للتكرير والبتروكيماويات,تاسي,البلاد المالية,,,شرعي,2025-08-23T07:37:40.544877
3092,3092,شركة أسمنت الرياض,تاسي,البلاد المالية,,,شرعي,2025-08-23T07:37:40.544895
3010,3010,شركة الأسمنت العربية,تاسي,البلاد المالية,,,شرعي,2025-08-23T07:37:40.544913
3080,3080,شركة أسمنت المنطقة الشرقية,تاسي,البلاد المالية,,,شرعي,2025-08-23T07:37:40.544931
3040,3040,شركة أسمنت القصيم,تاسي,البلاد المالية,,,شرعي,2025-08-23T07:37:40.544950
3030,3030,شركة الأسمنت السعودية,تاسي,البلاد المالية,,,شرعي,2025-08-23T07:37:40.544968
3050,3050,شركة أسمنت المنطقة الجنوبية,تاسي,البلاد المالية,,,شرعي,2025-08-23T07:37:40.544986
3090,3090,شركة أسمنت تبوك,تاسي,البلاد المالية,,,شرعي,2025-08-23T07:37:40.545004
3060,3060,شركة أسمنت ينبع,تاسي,البلاد المالية,,,شرعي,2025-08-23T07:37:40.545021
3002,3002,شركة أسمنت نجران,تاسي,البلاد المالية,,,شرعي,2025-08-23T07:37:40.545039
3003,3003,شركة أسمنت المدينة,تاسي,البلاد المالية,,,شرعي,2025-08-23T07:37:40.545057
3091,3091,شركة أسمنت الجوف,تاسي,البلاد المالية,,,شرعي,2025-08-23T07:37:40.545075
3004,3004,شركة أسمنت المنطقة الشمالية,تاسي,البلاد المالية,,,شرعي,2025-08-23T07:37:40.545093
3005,3005,شركة أسمنت ام القرى,تاسي,البلاد المالية,,,شرعي,2025-08-23T07:37:40.545111
3020,3020,شركة أسمنت اليمامة,تاسي,البلاد المالية,,,شرعي,2025-08-23T07:37:40.545129
4006,4006,الشركة السعودية للتسويق,تاسي,البلاد المالية,,,شرعي,2025-08-23T07:37:40.545148
4011,4011,شركة لازوردي للمجوهرات,تاسي,البلاد المالية,,,شرعي,2025-08-23T07:37:40.545167
4191,4191,شركة عبد الله سعد محمد أبو معطي للمكتبات,تاسي,البلاد المالية,,,شرعي,2025-08-23T07:37:40.545185
4012,4012,شركة ثوب الأصيل,تاسي,البلاد المالية,,,شرعي,2025-08-23T07:37:40.545204
4292,4292,شركة عطاء التعليمية,تاسي,البلاد المالية,,,شرعي,2025-08-23T07:37:40.545222
4164,4164,شركة النهدي الطبية,تاسي,البلاد المالية,,,شرعي,2025-08-23T07:37:40.545240
4161,4161,شركة بن داود القابضة,تاسي,البلاد المالية,,,شرعي,2025-08-23T07:37:40.545258
4162,4162,شركة المنجم للأغذية,تاسي,البلاد المالية,,,شرعي,2025-08-23T07:37:40.545276
4001,4001,شركة أسواق عبدالله العثيم,تاسي,البلاد المالية,,,شرعي,2025-08-23T07:37:40.545294
4240,4240,شركة فواز عبدالعزيز الحكير وشركاه,تاسي,البلاد المالية,,,شرعي,2025-08-23T07:37:40.545313
4200,4200,شركة الدريس للخدمات البترولية و النقليات,تاسي,البلاد المالية,,,شرعي,2025-08-23T07:37:40.545331
4008,4008,الشركة السعودية للعدد والأدوات,تاسي,البلاد المالية,,,شرعي,2025-08-23T07:37:40.545350
1830,1830,شركة لجام للرياضة,تاسي,البلاد المالية,,,شرعي,2025-08-23T07:37:40.545368
4291,4291,الشركة الوطنية للتربية و التعليم,تاسي,البلاد المالية,,,شرعي,2025-08-23T07:37:40.545386
6012,6012,شركة ريدان الغذائية,تاسي,البلاد المالية,,,شرعي,2025-08-23T07:37:40.545405
4051,4051,شركة باعظيم التجارية,تاسي,البلاد المالية,,,شرعي,2025-08-23T07:37:40.545423
4141,4141,شركة العمران للصناعة والتجارة,تاسي,البلاد المالية,,,شرعي,2025-08-23T07:37:40.545441
4003,4003,الشركة المتحدة للإلكترونيات,تاسي,البلاد المالية,,,شرعي,2025-08-23T07:37:40.545459
4180,4180,مجموعة فتيحي القابضة,تاسي,البلاد المالية,,,شرعي,2025-08-23T07:37:40.545477
4190,4190,شركة جرير للتسويق,تاسي,البلاد المالية,,,شرعي,2025-08-23T07:37:40.545495
4050,4050,الشركة السعودية لخدمات السيارات والمعدات,تاسي,البلاد المالية,,,شرعي,2025-08-23T07:37:40.545512
4163,4163,شركة الدواء للخدمات الطبية,تاسي,البلاد المالية,,,شرعي,2025-08-23T07:37:40.545530
4144,4144,شركة رؤوم التجارية,تاسي,البلاد المالية,,,شرعي,2025-08-23T07:37:40.545548
6014,6014,شركة الآمار الغذائية,تاسي,البلاد المالية,,,شرعي,2025-08-23T07:37:40.545567
4192,4192,شركة متاجر السيف للتنمية والاستثمار,تاسي,البلاد المالية,,,شرعي,2025-08-23T07:37:40.545585
6015,6015,شركة أمريكانا للمطاعم العالمية بي إل سي - شركة أجنبية,تاسي,البلاد المالية,,,شرعي,2025-08-23T07:37:40.545603
4290,4290,شركة الخليج للتدريب والتعليم,تاسي,البلاد المالية,,,شرعي,2025-08-23T07:37:40.545621
3008,3008,شركة الكثيري القابضة,تاسي,البلاد المالية,,,شرعي,2025-08-23T07:37:40.545640
4160,4160,شركة ثمار التنمية القابضة,تاسي,البلاد المالية,,,شرعي,2025-08-23T07:37:40.545657
4165,4165,شركة الماجد للعود,تاسي,البلاد المالية,,,شرعي,2025-08-23T07:37:40.545675
4193,4193,شركة نايس ون بيوتي للتسويق الإلكتروني,تاسي,البلاد المالية,,,شرعي,2025-08-23T07:37:40.545693
2382,2382,شركة أديس القابضة,تاسي,البلاد المالية,,,شرعي,2025-08-23T07:37:40.545711
2084,2084,شركة مياهنا,تاسي,البلاد المالية,,,شرعي,2025-08-23T07:37:40.545729
2223,2223,شركة أرامكو السعودية لزيوت الأساس,تاسي,البلاد المالية,,,شرعي,2025-08-23T07:37:40.545747
2081,2081,شركة الخريف لتقنية المياه والطاقة,تاسي,البلاد المالية,,,شرعي,2025-08-23T07:37:40.545765
2082,2082,شركة أكوا باور,تاسي,البلاد المالية,,,شرعي,2025-08-23T07:37:40.545784
2222,2222,شركة الزيت العربية السعودية,تاسي,البلاد المالية,,,شرعي,2025-08-23T07:37:40.545802
2381,2381,شركة الحفر العربية,تاسي,البلاد المالية,,,شرعي,2025-08-23T07:37:40.545820
2083,2083,شركة مرافق الكهرباء والمياه بالجبيل وينبع,تاسي,البلاد المالية,,,شرعي,2025-08-23T07:37:40.545838
2080,2080,شركة الغاز والتصنيع الأهلية,تاسي,البلاد المالية,,,شرعي,2025-08-23T07:37:40.545856
5110,5110,الشركة السعودية للكهرباء,تاسي,البلاد المالية,,,شرعي,2025-08-23T07:37:40.545877
4142,4142,شركة مجموعة كابلات الرياض,تاسي,البلاد المالية,,,شرعي,2025-08-23T07:37:40.545896
2282,2282,شركة نقي للمياه,تاسي,البلاد المالية,,,شرعي,2025-08-23T07:37:40.545914
6016,6016,شركة مطاعم بيت الشطيرة للوجبات السريعة,تاسي,البلاد المالية,,,شرعي,2025-08-23T07:37:40.545931
2281,2281,شركة التنمية الغذائية,تاسي,البلاد المالية,,,شرعي,2025-08-23T07:37:40.545950
2283,2283,شركة المطاحن الأولى,تاسي,البلاد المالية,,,شرعي,2025-08-23T07:37:40.545967
2284,2284,شركة المطاحن الحديثة للمنتجات الغذائية,تاسي,البلاد المالية,,,شرعي,2025-08-23T07:37:40.545985
2285,2285,شركة المطاحن العربية للمنتجات الغذائية,تاسي,البلاد المالية,,,شرعي,2025-08-23T07:37:40.546004
2286,2286,شركة المطاحن الرابعة,تاسي,البلاد المالية,,,شرعي,2025-08-23T07:37:40.546022
6013,6013,شركة الأعمال التطويرية الغذائية,تاسي,البلاد المالية,,,شرعي,2025-08-23T07:37:40.546040
6020,6020,شركة القصيم القابضة للاستثمار,تاسي,البلاد المالية,,,شرعي,2025-08-23T07:37:40.546059
2280,2280,شركة المراعي,تاسي,البلاد المالية,,,شرعي,2025-08-23T07:37:40.546077
2050,2050,مجموعة صافولا,تاسي,البلاد المالية,,,شرعي,2025-08-23T07:37:40.546094
6004,6004,شركة كاتريون للتموين القابضة,تاسي,البلاد المالية,,,شرعي,2025-08-23T07:37:40.546112
6010,6010,الشركة الوطنية للتنمية الزراعية,تاسي,البلاد المالية,,,شرعي,2025-08-23T07:37:40.546130
6040,6040,شركة تبوك للتنمية الزراعية,تاسي,البلاد المالية,,,شرعي,2025-08-23T07:37:40.546148
6050,6050,الشركة السعودية للأسماك,تاسي,البلاد المالية,,,شرعي,2025-08-23T07:37:40.546166
6060,6060,شركة الشرقية للتنمية,تاسي,البلاد المالية,,,شرعي,2025-08-23T07:37:40.546184
6070,6070,شركة الجوف الزراعية,تاسي,البلاد المالية,,,شرعي,2025-08-23T07:37:40.546202
6090,6090,شركة جازان للتنمية والاستثمار,تاسي,البلاد المالية,,,شرعي,2025-08-23T07:37:40.546220
4061,4061,مجموعة أنعام الدولية القابضة,تاسي,البلاد المالية,,,شرعي,2025-08-23T07:37:40.546238
2270,2270,الشركة السعودية لمنتجات الألبان والأغذية,تاسي,البلاد المالية,,,شرعي,2025-08-23T07:37:40.546256
2100,2100,شركة وفرة للصناعة والتنمية,تاسي,البلاد المالية,,,شرعي,2025-08-23T07:37:40.546274
6002,6002,شركة هرفي للخدمات الغذائية,تاسي,البلاد المالية,,,شرعي,2025-08-23T07:37:40.546293
6001,6001,شركة حلواني إخوان,تاسي,البلاد المالية,,,شرعي,2025-08-23T07:37:40.546311
7040,7040,شركة إتحاد عذيب للإتصالات,تاسي,البلاد المالية,,,شرعي,2025-08-23T07:37:40.546329
7010,7010,شركة الإتصالات السعودية,تاسي,البلاد المالية,,,شرعي,2025-08-23T07:37:40.546347
7020,7020,شركة إتحاد إتصالات,تاسي,البلاد المالية,,,شرعي,2025-08-23T07:37:40.546365
7030,7030,شركة الإتصالات المتنقلة السعودية,تاسي,البلاد المالية,,,شرعي,2025-08-23T07:37:40.546383
7200,7200,شركة المعمر لأنظمة المعلومات,تاسي,البلاد المالية,,,شرعي,2025-08-23T07:37:40.546399
7201,7201,شركة بحر العرب لأنظمة المعلومات,تاسي,البلاد المالية,,,شرعي,2025-08-23T07:37:40.546416
8313,8313,شركة رسن لتقنية المعلومات,تاسي,البلاد المالية,,,شرعي,2025-08-23T07:37:40.546432
7211,7211,شركة عزم السعودية للاتصالات وتقنية المعلومات,تاسي,البلاد المالية,,,شرعي,2025-08-23T07:37:40.546449
7203,7203,شركة علم,تاسي,البلاد المالية,,,شرعي,2025-08-23T07:37:40.546466
7202,7202,الشركة العربية لخدمات الإنترنت والاتصالات,تاسي,البلاد المالية,,,شرعي,2025-08-23T07:37:40.546482
7204,7204,شركة العرض المتقن للخدمات التجارية,تاسي,البلاد المالية,,,شرعي,2025-08-23T07:37:40.546499
4013,4013,مجموعة الدكتور سليمان الحبيب للخدمات الطبية,تاسي,البلاد المالية,,,شرعي,2025-08-23T07:37:40.546516
4017,4017,شركة مستشفى الدكتور سليمان عبدالقادر فقيه,تاسي,البلاد المالية,,,شرعي,2025-08-23T07:37:40.546532
4018,4018,شركة الموسى الصحية,تاسي,البلاد المالية,,,شرعي,2025-08-23T07:37:40.546549
4005,4005,الشركة الوطنية للرعاية الطبية,تاسي,البلاد المالية,,,شرعي,2025-08-23T07:37:40.546566
4002,4002,شركة المواساة للخدمات الطبية,تاسي,البلاد المالية,,,شرعي,2025-08-23T07:37:40.546583
4009,4009,شركة الشرق الأوسط للرعاية الصحية,تاسي,البلاد المالية,,,شرعي,2025-08-23T07:37:40.546599
4004,4004,شركة دله للخدمات الصحية,تاسي,البلاد المالية,,,شرعي,2025-08-23T07:37:40.546616
4007,4007,شركة الحمادي القابضة,تاسي,البلاد المالية,,,شرعي,2025-08-23T07:37:40.546632
8230,8230,شركة الراجحي للتأمين التعاوني,تاسي,البلاد المالية,,,شرعي,2025-08-23T07:37:40.546648
8012,8012,شركة الجزيرة تكافل تعاوني,تاسي,البلاد المالية,,,شرعي,2025-08-23T07:37:40.546665
8100,8100,الشركة العربية السعودية للتأمين التعاوني,تاسي,البلاد المالية,,,شرعي,2025-08-23T07:37:40.546681
8190,8190,الشركة المتحدة للتأمين التعاوني,تاسي,البلاد المالية,,,شرعي,2025-08-23T07:37:40.546698
8250,8250,مجموعة الخليج للتأمين,تاسي,البلاد المالية,,,شرعي,2025-08-23T07:37:40.546715
8260,8260,الشركة الخليجية العامة للتأمين التعاوني,تاسي,البلاد المالية,,,شرعي,2025-08-23T07:37:40.546731
8240,8240,شركة تشب العربية للتأمين التعاوني,تاسي,البلاد المالية,,,شرعي,2025-08-23T07:37:40.546748
8010,8010,الشركة التعاونية للتأمين,تاسي,البلاد المالية,,,شرعي,2025-08-23T07:37:40.546765
8311,8311,شركة عناية السعودية للتأمين التعاوني,تاسي,البلاد المالية,,,شرعي,2025-08-23T07:37:40.546781
8300,8300,الشركة الوطنية للتأمين,تاسي,البلاد المالية,,,شرعي,2025-08-23T07:37:40.546798
8200,8200,الشركة السعودية لإعادة التأمين,تاسي,البلاد المالية,,,شرعي,2025-08-23T07:37:40.546815
8170,8170,شركة الاتحاد للتأمين التعاوني,تاسي,البلاد المالية,,,شرعي,2025-08-23T07:37:40.546831
8060,8060,شركة ولاء للتأمين التعاوني,تاسي,البلاد المالية,,,شرعي,2025-08-23T07:37:40.546848
8030,8030,شركة المتوسط والخليج للتأمين وإعادة التأمين التعاوني,تاسي,البلاد المالية,,,شرعي,2025-08-23T07:37:40.546864
8180,8180,شركة الصقر للتأمين التعاوني,تاسي,البلاد المالية,,,شرعي,2025-08-23T07:37:40.546881
8020,8020,شركة ملاذ للتأمين التعاوني,تاسي,البلاد المالية,,,شرعي,2025-08-23T07:37:40.546898
8280,8280,شركة ليفا للتأمين,تاسي,البلاد المالية,,,شرعي,2025-08-23T07:37:40.546914
8150,8150,المجموعة المتحدة للتأمين التعاوني,تاسي,البلاد المالية,,,شرعي,2025-08-23T07:37:40.546930
8210,8210,شركة بوبا العربية للتأمين التعاوني,تاسي,البلاد المالية,,,شرعي,2025-08-23T07:37:40.546947
8070,8070,شركة الدرع العربي للتأمين التعاوني,تاسي,البلاد المالية,,,شرعي,2025-08-23T07:37:40.546963
8050,8050,شركة سلامة للتأمين التعاوني,تاسي,البلاد المالية,,,شرعي,2025-08-23T07:37:40.546979
2190,2190,شركة البنى التحتية المستدامة القابضة,تاسي,البلاد المالية,,,شرعي,2025-08-23T07:37:40.546996
4080,4080,شركة سناد القابضة,تاسي,البلاد المالية,,,شرعي,2025-08-23T07:37:40.547012
4130,4130,شركة درب السعودية الأستثمارية,تاسي,البلاد المالية,,,شرعي,2025-08-23T07:37:40.547028
2120,2120,الشركة السعودية للصناعات المتطورة,تاسي,البلاد المالية,,,شرعي,2025-08-23T07:37:40.547045
2030,2030,شركة المصافي العربية السعودية,تاسي,البلاد المالية,,,شرعي,2025-08-23T07:37:40.547061
4014,4014,شركة دار المعدات الطبية والعلمية,تاسي,البلاد المالية,,,شرعي,2025-08-23T07:37:40.547077
4140,4140,الشركة السعودية للصادرات الصناعية,تاسي,البلاد المالية,,,شرعي,2025-08-23T07:37:40.547094
1211,1211,شركة التعدين العربية السعودية,تاسي,البلاد المالية,,,شرعي,2025-08-23T07:37:40.547110
1210,1210,شركة الصناعات الكيميائية الأساسية,تاسي,البلاد المالية,,,شرعي,2025-08-23T07:37:40.547127
3007,3007,شركة زهرة الواحة للتجارة,تاسي,البلاد المالية,,,شرعي,2025-08-23T07:37:40.547144
2180,2180,شركة تصنيع مواد التعبئة والتغليف,تاسي,البلاد المالية,,,شرعي,2025-08-23T07:37:40.547160
2230,2230,الشركة الكيميائية السعودية القابضة,تاسي,البلاد المالية,,,شرعي,2025-08-23T07:37:40.547177
2070,2070,الشركة السعودية للصناعات الدوائية والمستلزمات الطبية,تاسي,البلاد المالية,,,شرعي,2025-08-23T07:37:40.547194
2220,2220,الشركة الوطنية لتصنيع وسبك المعادن,تاسي,البلاد المالية,,,شرعي,2025-08-23T07:37:40.547211
2150,2150,شركة الصناعات الزجاجية الوطنية,تاسي,البلاد المالية,,,شرعي,2025-08-23T07:37:40.547227
2300,2300,الشركة السعودية لصناعة الورق,تاسي,البلاد المالية,,,شرعي,2025-08-23T07:37:40.547244
2340,2340,شركة ارتيكس للاستثمار الصناعي,تاسي,البلاد المالية,,,شرعي,2025-08-23T07:37:40.547260
1214,1214,شركة الحسن غازي إبراهيم شاكر,تاسي,البلاد المالية,,,شرعي,2025-08-23T07:37:40.547277
1213,1213,شركة نسيج العالمية التجارية,تاسي,البلاد المالية,,,شرعي,2025-08-23T07:37:40.547293
1212,1212,مجموعة أسترا الصناعية,تاسي,البلاد المالية,,,شرعي,2025-08-23T07:37:40.547309
1201,1201,شركة تكوين المتطورة للصناعات,تاسي,البلاد المالية,,,شرعي,2025-08-23T07:37:40.547326
1202,1202,شركة الشرق الأوسط لصناعة وإنتاج الورق,تاسي,البلاد المالية,,,شرعي,2025-08-23T07:37:40.547342
1322,1322,شركة المصانع الكبرى للتعدين,تاسي,البلاد المالية,,,شرعي,2025-08-23T07:37:40.547359
4145,4145,شركة العبيكان للزجاج,تاسي,البلاد المالية,,,شرعي,2025-08-23T07:37:40.547376
4015,4015,شركة مصنع جمجوم للأدوية,تاسي,البلاد المالية,,,شرعي,2025-08-23T07:37:40.547392
4143,4143,شركة مجموعة التيسير تالكو الصناعية,تاسي,البلاد المالية,,,شرعي,2025-08-23T07:37:40.547408
4016,4016,شركة الشرق الأوسط للصناعات الدوائية,تاسي,البلاد المالية,,,شرعي,2025-08-23T07:37:40.547425
1321,1321,شركة أنابيب الشرق المتكاملة للصناعة,تاسي,البلاد المالية,,,شرعي,2025-08-23T07:37:40.547441
1304,1304,شركة اليمامة للصناعات الحديدية,تاسي,البلاد المالية,,,شرعي,2025-08-23T07:37:40.547458
1302,1302,شركة بوان,تاسي,البلاد المالية,,,شرعي,2025-08-23T07:37:40.547474
1303,1303,شركة الصناعات الكهربائية,تاسي,البلاد المالية,,,شرعي,2025-08-23T07:37:40.547491
1320,1320,الشركة السعودية لأنابيب الصلب,تاسي,البلاد المالية,,,شرعي,2025-08-23T07:37:40.547507
2360,2360,الشركة السعودية لإنتاج الأنابيب الفخارية,تاسي,البلاد المالية,,,شرعي,2025-08-23T07:37:40.547524
1301,1301,شركة إتحاد مصانع الأسلاك,تاسي,البلاد المالية,,,شرعي,2025-08-23T07:37:40.547540
2370,2370,شركة الشرق الأوسط للكابلات المتخصصة,تاسي,البلاد المالية,,,شرعي,2025-08-23T07:37:40.547557
2110,2110,شركة الكابلات السعودية,تاسي,البلاد المالية,,,شرعي,2025-08-23T07:37:40.547574
2040,2040,شركة الخزف السعودي,تاسي,البلاد المالية,,,شرعي,2025-08-23T07:37:40.547590
2320,2320,شركة البابطين للطاقة والإتصالات,تاسي,البلاد المالية,,,شرعي,2025-08-23T07:37:40.547607
4230,4230,شركة البحر الأحمر العالمية,تاسي,البلاد المالية,,,شرعي,2025-08-23T07:37:40.547623
2090,2090,شركة الجبس الأهلية,تاسي,البلاد المالية,,,شرعي,2025-08-23T07:37:40.547640
2160,2160,شركة أميانتيت العربية السعودية,تاسي,البلاد المالية,,,شرعي,2025-08-23T07:37:40.547656
2200,2200,الشركة العربية للأنابيب,تاسي,البلاد المالية,,,شرعي,2025-08-23T07:37:40.547672
2130,2130,الشركة السعودية للتنمية الصناعية,تاسي,البلاد المالية,,,شرعي,2025-08-23T07:37:40.547689
2240,2240,شركة الزامل للإستثمار الصناعي,تاسي,البلاد المالية,,,شرعي,2025-08-23T07:37:40.547705
4020,4020,الشركة العقارية السعودية,تاسي,البلاد المالية,,,شرعي,2025-08-23T07:37:40.547722
4250,4250,شركة جبل عمر للتطوير,تاسي,البلاد المالية,,,شرعي,2025-08-23T07:37:40.547738
4321,4321,شركة المراكز العربية,تاسي,البلاد المالية,,,شرعي,2025-08-23T07:37:40.547754
4220,4220,إعمار المدينة الإقتصادية,تاسي,البلاد المالية,,,شرعي,2025-08-23T07:37:40.547771
4150,4150,شركة الرياض للتعمير,تاسي,البلاد المالية,,,شرعي,2025-08-23T07:37:40.547788
4100,4100,شركة مكة للإنشاء والتعمير,تاسي,البلاد المالية,,,شرعي,2025-08-23T07:37:40.547804
4310,4310,مدينة المعرفة الإقتصادية,تاسي,البلاد المالية,,,شرعي,2025-08-23T07:37:40.547820
4090,4090,شركة طيبة للإستثمار,تاسي,البلاد المالية,,,شرعي,2025-08-23T07:37:40.547837
4300,4300,شركة دار الأركان للتطوير العقاري,تاسي,البلاد المالية,,,شرعي,2025-08-23T07:37:40.547853
4320,4320,شركة الأندلس العقارية,تاسي,البلاد المالية,,,شرعي,2025-08-23T07:37:40.547870
2140,2140,شركة أيان للإستثمار,تاسي,البلاد المالية,,,شرعي,2025-08-23T07:37:40.547886
4324,4324,شركة بنان العقارية,تاسي,البلاد المالية,,,شرعي,2025-08-23T07:37:40.547902
4323,4323,شركة سمو العقارية,تاسي,البلاد المالية,,,شرعي,2025-08-23T07:37:40.547918
4322,4322,شركة رتال للتطوير العمراني,تاسي,البلاد المالية,,,شرعي,2025-08-23T07:37:40.547935
4261,4261,شركة ذيب لتأجير السيارات,تاسي,البلاد المالية,,,شرعي,2025-08-23T07:37:40.547951
4263,4263,شركة سال السعودية للخدمات اللوجستية,تاسي,البلاد المالية,,,شرعي,2025-08-23T07:37:40.547968
4262,4262,شركة لومي للتأجير,تاسي,البلاد المالية,,,شرعي,2025-08-23T07:37:40.547984
4031,4031,الشركة السعودية للخدمات الأرضية,تاسي,البلاد المالية,,,شرعي,2025-08-23T07:37:40.548001
4260,4260,الشركة المتحدة الدولية للمواصلات,تاسي,البلاد المالية,,,شرعي,2025-08-23T07:37:40.548017
4040,4040,الشركة السعودية للنقل الجماعي,تاسي,البلاد المالية,,,شرعي,2025-08-23T07:37:40.548034
4110,4110,شركة باتك للإستثمار والأعمال اللوجستية,تاسي,البلاد المالية,,,شرعي,2025-08-23T07:37:40.548051
4030,4030,الشركة الوطنية السعودية للنقل البحري,تاسي,البلاد المالية,,,شرعي,2025-08-23T07:37:40.548067
4270,4270,الشركة السعودية للطباعة والتغليف,تاسي,البلاد المالية,,,شرعي,2025-08-23T07:37:40.548084
1831,1831,شركة مهارة للموارد البشرية,تاسي,البلاد المالية,,,شرعي,2025-08-23T07:37:40.548100
4070,4070,شركة تهامة للإعلان والعلاقات العامة,تاسي,البلاد المالية,,,شرعي,2025-08-23T07:37:40.548116
4071,4071,الشركة العربية للتعهدات الفنية,تاسي,البلاد المالية,,,شرعي,2025-08-23T07:37:40.548133
4210,4210,المجموعة السعودية للأبحاث والإعلام,تاسي,البلاد المالية,,,شرعي,2025-08-23T07:37:40.548149
1810,1810,مجموعة سيرا القابضة,تاسي,البلاد المالية,,,شرعي,2025-08-23T07:37:40.548166
4170,4170,شركة المشروعات السياحية,تاسي,البلاد المالية,,,شرعي,2025-08-23T07:37:40.548182
1820,1820,شركة مجموعة بان القابضة,تاسي,البلاد المالية,,,شرعي,2025-08-23T07:37:40.548199
1832,1832,شركة صدر للخدمات اللوجستية,تاسي,البلاد المالية,,,شرعي,2025-08-23T07:37:40.548216
4348,4348,صندوق الخبير ريت,تاسي,البلاد المالية,,,شرعي,2025-08-23T07:37:40.548232
4347,4347,صندوق بنيان ريت,تاسي,البلاد المالية,,,شرعي,2025-08-23T07:37:40.548249
4346,4346,صندوق ميفك ريت,تاسي,البلاد المالية,,,شرعي,2025-08-23T07:37:40.548265
4334,4334,صندوق المعذر ريت,تاسي,البلاد المالية,,,شرعي,2025-08-23T07:37:40.548282
4335,4335,صندوق مشاركة ريت,تاسي,البلاد المالية,,,شرعي,2025-08-23T07:37:40.548298
4336,4336,صندوق ملكية - عقارات الخليج ريت,تاسي,البلاد المالية,,,شرعي,2025-08-23T07:37:40.548314
4337,4337,صندوق سيكو السعودية ريت,تاسي,البلاد المالية,,,شرعي,2025-08-23T07:37:40.548331
4338,4338,صندوق الأهلي ريت 1,تاسي,البلاد المالية,,,شرعي,2025-08-23T07:37:40.548349
4344,4344,صندوق سدكو كابيتال ريت,تاسي,البلاد المالية,,,شرعي,2025-08-23T07:37:40.548366
4339,4339,صندوق دراية ريت,تاسي,البلاد المالية,,,شرعي,2025-08-23T07:37:40.548382
4340,4340,صندوق الراجحي ريت,تاسي,البلاد المالية,,,شرعي,2025-08-23T07:37:40.548398
4342,4342,صندوق جدوى ريت السعودية,تاسي,البلاد المالية,,,شرعي,2025-08-23T07:37:40.548415
4345,4345,صندوق الإنماء ريت لقطاع التجزئة,تاسي,البلاد المالية,,,شرعي,2025-08-23T07:37:40.548432
4330,4330,الرياض ريت,تاسي,البلاد المالية,,,شرعي,2025-08-23T07:37:40.548448
4331,4331,صندوق الجزيرة ريت,تاسي,البلاد المالية,,,شرعي,2025-08-23T07:37:40.548465
4332,4332,صندوق جدوى ريت الحرمين,تاسي,البلاد المالية,,,شرعي,2025-08-23T07:37:40.548481
4333,4333,صندوق تعليم ريت,تاسي,البلاد المالية,,,شرعي,2025-08-23T07:37:40.548497
4349,4349,صندوق الإنماء ريت الفندقي,تاسي,البلاد المالية,,,شرعي,2025-08-23T07:37:40.548514
1833,1833,شركة الموارد للقوى البشرية,تاسي,البلاد المالية,,,شرعي,2025-08-23T07:37:40.548530
4082,4082,شركة المرابحة المرنة للتمويل,تاسي,البلاد المالية,,,شرعي,2025-08-23T07:37:40.548546
1834,1834,الشركة السعودية لحلول القوى البشرية,تاسي,البلاد المالية,,,شرعي,2025-08-23T07:37:40.548563
4083,4083,الشركة المتحدة الدولية القابضة,تاسي,البلاد المالية,,,شرعي,2025-08-23T07:37:40.548579
1835,1835,شركة تمكين للموارد البشرية,تاسي,البلاد المالية,,,شرعي,2025-08-23T07:37:40.548596
6017,6017,شركة جاهز الدولية لتقنية نظم المعلومات,تاسي,البلاد المالية,,,شرعي,2025-08-23T07:37:40.548612
4081,4081,شركة النايفات للتمويل,تاسي,البلاد المالية,,,شرعي,2025-08-23T07:37:40.548628
1182,1182,شركة أملاك العالمية للتمويل,تاسي,البلاد المالية,,,شرعي,2025-08-23T07:37:40.548645
1111,1111,شركة مجموعة تداول السعودية القابضة,تاسي,البلاد المالية,,,شرعي,2025-08-23T07:37:40.548662
1183,1183,شركة سهل للتمويل,تاسي,البلاد المالية,,,شرعي,2025-08-23T07:37:40.548678
